account_id,customer_id,account_type,account_open_date,branch_id,account_status,balance
A000001,C00180,Savings,2023-03-31,B006,Active,389117.41
A000002,C00455,Savings,2025-08-06,B008,Closed,77884.81
A000003,C00946,Business,2022-10-27,B009,Inactive,387991.07
A000004,C00788,Savings,2025-01-11,B009,Closed,496367.45
A000005,C00742,Savings,2024-05-02,B008,Inactive,357125.02
A000006,C00119,Savings,2020-10-11,B005,Active,343839.11
A000007,C00893,Savings,2019-12-21,B006,Inactive,444703.75
A000008,C00534,Salary,2025-06-24,B001,Closed,379488.42
A000009,C00329,Current,2024-04-13,B004,Inactive,139048.12
A000010,C00792,Business,2023-01-21,B002,Inactive,75511.04
A000011,C00118,Savings,2023-07-27,B010,Closed,257516.27
A000012,C00556,Salary,2024-04-26,B009,Inactive,136255.0
A000013,C00588,Current,2023-06-17,B003,Active,156377.4
A000014,C00554,Business,2022-11-02,B001,Active,15467.35
A000015,C00109,Business,2026-01-26,B001,Active,213806.41
A000016,C00722,Business,2024-08-17,B010,Inactive,156907.88
A000017,C00731,Savings,2024-05-31,B008,Closed,66765.84
A000018,C00100,Business,2021-05-20,B005,Closed,322564.89
A000019,C00482,Current,2021-06-01,B004,Active,430687.04
A000020,C00935,Salary,2023-09-29,B007,Active,350107.7
A000021,C00808,Salary,2022-12-06,B008,Inactive,16101.8
A000022,C00116,Salary,2021-04-22,B008,Inactive,423037.36
A000023,C00787,Salary,2023-06-21,B010,Closed,64569.61
A000024,C00416,Savings,2025-06-25,B006,Closed,325076.25
A000025,C00546,Business,2023-04-01,B007,Closed,207307.51
A000026,C00562,Current,2023-11-26,B008,Inactive,33963.91
A000027,C00834,Business,2024-04-20,B007,Closed,393876.06
A000028,C00711,Current,2020-07-12,B003,Closed,335132.99
A000029,C00857,Business,2020-03-13,B002,Closed,298441.67
A000030,C00569,Savings,2022-12-27,B008,Active,154709.83
A000031,C00072,Savings,2022-01-31,B010,Inactive,164376.71
A000032,C00093,Current,2025-12-12,B003,Closed,451724.75
A000033,C00776,Current,2026-08-20,B003,Inactive,266096.65
A000034,C00631,Business,2022-04-06,B004,Active,341076.88
A000035,C00307,Salary,2023-02-01,B007,Closed,491307.57
A000036,C00092,Savings,2022-10-10,B010,Closed,202694.51
A000037,C00873,Salary,2025-03-16,B001,Inactive,450636.77
A000038,C00001,Salary,2026-01-15,B002,Inactive,432974.14
A000039,C00443,Business,2023-12-31,B006,Closed,192012.02
A000040,C00446,Current,2022-05-11,B003,Inactive,70395.36
A000041,C00394,Salary,2020-05-28,B007,Active,144946.96
A000042,C00138,Savings,2025-03-24,B002,Closed,8838.19
A000043,C00674,Business,2021-03-06,B003,Active,69472.91
A000044,C00881,Business,2021-12-21,B010,Inactive,312000.99
A000045,C00522,Business,2021-07-16,B009,Inactive,192972.64
A000046,C00191,Business,2024-02-08,B010,Active,289391.31
A000047,C00730,Salary,2023-12-25,B007,Closed,288599.82
A000048,C00039,Business,2026-04-05,B006,Active,290554.12
A000049,C00146,Salary,2025-09-27,B008,Closed,40039.07
A000050,C00252,Business,2025-08-23,B002,Closed,317210.14
A000051,C00320,Savings,2020-02-19,B006,Closed,389485.04
A000052,C00465,Business,2021-05-18,B010,Closed,166425.48
A000053,C00984,Salary,2022-09-05,B005,Active,18627.79
A000054,C00768,Salary,2019-12-08,B010,Inactive,31647.46
A000055,C00593,Current,2021-04-30,B010,Active,328503.62
A000056,C00829,Savings,2023-05-13,B005,Inactive,42172.57
A000057,C00079,Salary,2020-12-19,B005,Active,308283.08
A000058,C00879,Salary,2023-07-20,B001,Closed,56663.15
A000059,C00932,Current,2024-09-04,B008,Inactive,404112.5
A000060,C00802,Current,2023-09-15,B008,Active,399886.63
A000061,C00352,Savings,2026-04-07,B003,Closed,467036.99
A000062,C00858,Business,2024-11-27,B007,Inactive,119735.77
A000063,C00744,Current,2021-09-13,B004,Closed,367446.19
A000064,C00056,Salary,2022-10-07,B002,Active,84632.6
A000065,C00488,Salary,2022-03-01,B008,Closed,474177.64
A000066,C00240,Business,2020-08-30,B007,Inactive,132049.95
A000067,C00892,Business,2020-09-08,B001,Inactive,463684.04
A000068,C00392,Salary,2021-08-08,B009,Closed,477979.5
A000069,C00940,Salary,2025-07-18,B007,Closed,459102.97
A000070,C00344,Salary,2023-07-31,B005,Active,128416.62
A000071,C00401,Business,2020-02-01,B004,Closed,336273.04
A000072,C00533,Salary,2024-06-13,B003,Inactive,274258.67
A000073,C00852,Savings,2026-07-17,B001,Inactive,49751.68
A000074,C00702,Business,2025-06-21,B006,Active,362900.08
A000075,C00198,Savings,2023-10-24,B001,Closed,46878.7
A000076,C00673,Current,2019-12-22,B010,Closed,61773.28
A000077,C00089,Current,2025-04-16,B007,Closed,382165.03
A000078,C00823,Current,2020-04-15,B002,Closed,92947.23
A000079,C00479,Savings,2023-05-02,B008,Inactive,384910.21
A000080,C00264,Current,2023-01-04,B002,Inactive,388775.87
A000081,C00398,Salary,2022-05-06,B001,Inactive,477847.24
A000082,C00183,Business,2023-09-01,B002,Inactive,489731.57
A000083,C00625,Business,2024-05-21,B003,Closed,246536.59
A000084,C00554,Business,2025-01-08,B004,Closed,322025.75
A000085,C00733,Salary,2021-09-07,B002,Active,37386.83
A000086,C00746,Salary,2020-03-24,B008,Active,448359.68
A000087,C00669,Savings,2024-12-19,B001,Closed,195851.43
A000088,C00717,Salary,2024-12-08,B007,Closed,2848.17
A000089,C00490,Business,2021-02-18,B007,Closed,390687.58
A000090,C00554,Current,2025-11-06,B001,Inactive,477123.52
A000091,C00125,Salary,2021-03-25,B006,Closed,152111.21
A000092,C00648,Savings,2026-01-06,B006,Closed,426817.7
A000093,C00083,Business,2022-10-28,B005,Closed,102357.12
A000094,C00041,Business,2020-06-01,B004,Inactive,348245.26
A000095,C00646,Salary,2025-06-09,B008,Active,442721.86
A000096,C00753,Current,2021-09-22,B003,Active,97353.27
A000097,C00245,Business,2019-12-27,B007,Active,396576.85
A000098,C00512,Business,2023-03-09,B001,Active,170303.27
A000099,C00807,Savings,2022-11-06,B007,Active,106627.41
A000100,C00470,Current,2020-10-08,B010,Active,462483.09
A000101,C00754,Current,2026-03-22,B008,Closed,10512.44
A000102,C00249,Current,2026-02-14,B001,Active,316698.07
A000103,C00841,Savings,2023-03-11,B008,Closed,86174.0
A000104,C00066,Savings,2020-01-04,B002,Inactive,297893.73
A000105,C00065,Current,2024-02-29,B007,Inactive,405948.99
A000106,C00333,Savings,2022-02-16,B010,Closed,69527.37
A000107,C00783,Savings,2024-03-30,B010,Active,168416.36
A000108,C00281,Current,2025-04-13,B007,Active,348451.6
A000109,C00169,Business,2020-06-06,B004,Closed,21308.75
A000110,C00811,Business,2025-07-07,B003,Active,439933.84
A000111,C00007,Savings,2025-09-24,B003,Active,353663.88
A000112,C00909,Salary,2019-12-24,B007,Closed,403898.49
A000113,C00709,Current,2021-04-19,B004,Active,320273.03
A000114,C00462,Business,2020-10-08,B004,Active,305658.46
A000115,C00611,Current,2026-03-19,B008,Closed,475198.73
A000116,C00357,Business,2023-04-05,B001,Closed,118583.86
A000117,C00543,Savings,2025-04-26,B010,Inactive,431502.8
A000118,C00520,Current,2020-08-01,B008,Closed,330004.25
A000119,C00055,Current,2023-07-15,B002,Active,342936.63
A000120,C00510,Current,2021-04-25,B003,Closed,461413.85
A000121,C00661,Salary,2026-01-11,B005,Active,217901.15
A000122,C00632,Business,2022-11-20,B001,Active,370468.03
A000123,C00181,Current,2020-08-10,B001,Inactive,257936.96
A000124,C00917,Current,2025-11-03,B008,Closed,290301.13
A000125,C00204,Salary,2021-12-08,B004,Active,163739.98
A000126,C00243,Business,2025-07-15,B004,Inactive,445791.21
A000127,C00483,Business,2025-10-23,B001,Inactive,73325.69
A000128,C00183,Business,2021-07-14,B006,Active,229412.36
A000129,C00648,Salary,2024-06-16,B005,Active,168609.78
A000130,C00709,Savings,2026-04-11,B005,Active,56443.53
A000131,C00470,Business,2021-06-01,B003,Inactive,110706.93
A000132,C00619,Current,2023-04-30,B010,Active,289482.6
A000133,C00876,Current,2020-06-08,B002,Inactive,428629.91
A000134,C00883,Current,2021-02-24,B010,Inactive,418657.52
A000135,C00015,Business,2023-07-04,B004,Active,164320.68
A000136,C00228,Current,2020-02-20,B010,Active,209468.15
A000137,C00042,Business,2026-02-20,B009,Active,213423.12
A000138,C00491,Savings,2022-03-19,B008,Inactive,121015.23
A000139,C00772,Savings,2020-05-16,B007,Active,67223.29
A000140,C00245,Savings,2023-04-27,B001,Inactive,334848.77
A000141,C00721,Business,2024-10-27,B010,Closed,292246.4
A000142,C00475,Current,2021-07-14,B007,Active,395139.5
A000143,C00642,Business,2022-06-25,B001,Closed,36278.6
A000144,C00544,Savings,2022-11-26,B005,Inactive,376691.12
A000145,C00590,Current,2020-07-21,B002,Closed,440542.78
A000146,C00528,Salary,2026-01-08,B001,Active,192094.54
A000147,C00634,Savings,2021-06-01,B006,Inactive,88458.43
A000148,C00722,Savings,2020-05-15,B009,Closed,387014.18
A000149,C00343,Current,2025-01-31,B009,Active,324870.16
A000150,C00893,Current,2020-02-17,B004,Inactive,177003.12
A000151,C00516,Business,2023-08-21,B005,Active,32621.22
A000152,C00464,Business,2022-10-06,B009,Closed,414950.35
A000153,C00727,Salary,2021-05-13,B008,Closed,184704.78
A000154,C00193,Business,2025-11-25,B002,Active,195950.57
A000155,C00296,Savings,2024-08-18,B002,Active,138695.43
A000156,C00509,Current,2024-12-22,B004,Closed,476100.28
A000157,C00301,Business,2026-05-20,B009,Active,237478.55
A000158,C00455,Savings,2021-12-04,B005,Active,32411.8
A000159,C00855,Salary,2024-01-12,B007,Closed,172053.45
A000160,C00498,Business,2022-12-23,B008,Inactive,284058.58
A000161,C00176,Salary,2023-03-14,B004,Inactive,186579.26
A000162,C00789,Savings,2023-05-28,B003,Inactive,142906.63
A000163,C00634,Current,2024-10-08,B009,Inactive,91957.97
A000164,C00860,Current,2024-09-01,B003,Active,59341.75
A000165,C00589,Current,2023-02-01,B008,Inactive,185466.4
A000166,C00576,Savings,2024-05-02,B006,Inactive,74824.16
A000167,C00553,Current,2021-08-10,B009,Inactive,61623.52
A000168,C00415,Business,2026-05-10,B003,Inactive,463977.83
A000169,C00005,Salary,2024-11-19,B005,Inactive,448092.75
A000170,C00683,Current,2020-03-15,B010,Closed,453533.51
A000171,C00347,Savings,2021-09-05,B008,Active,70572.22
A000172,C00120,Salary,2020-06-16,B001,Inactive,309143.47
A000173,C00457,Salary,2024-03-01,B002,Inactive,28461.78
A000174,C00598,Current,2024-06-12,B005,Active,12251.77
A000175,C00870,Business,2020-08-06,B002,Closed,197817.38
A000176,C00326,Savings,2021-02-19,B006,Inactive,74825.02
A000177,C00379,Business,2021-11-03,B006,Active,143040.53
A000178,C00316,Business,2022-09-11,B009,Active,108631.88
A000179,C00760,Business,2021-08-27,B008,Inactive,82731.38
A000180,C00747,Business,2021-11-18,B003,Closed,299369.92
A000181,C00213,Salary,2025-01-09,B008,Closed,493332.54
A000182,C00956,Business,2025-11-23,B002,Active,205320.86
A000183,C00425,Current,2023-07-28,B009,Inactive,355413.26
A000184,C00205,Current,2025-02-06,B007,Inactive,277379.6
A000185,C00843,Salary,2026-03-01,B010,Inactive,247556.14
A000186,C00230,Savings,2021-06-09,B001,Active,132075.83
A000187,C00128,Salary,2021-05-03,B007,Active,246451.37
A000188,C00030,Savings,2023-11-22,B005,Inactive,497172.14
A000189,C00614,Salary,2025-11-20,B010,Inactive,283221.72
A000190,C00644,Business,2023-09-29,B002,Inactive,256750.41
A000191,C00018,Salary,2020-03-08,B003,Closed,30196.69
A000192,C00473,Current,2023-01-19,B006,Active,27391.28
A000193,C00430,Salary,2022-08-02,B001,Inactive,146540.38
A000194,C00527,Current,2025-10-10,B003,Active,299782.48
A000195,C00557,Salary,2024-10-05,B006,Closed,400138.73
A000196,C00702,Salary,2023-08-05,B002,Closed,290443.27
A000197,C00014,Current,2025-01-09,B009,Inactive,187134.08
A000198,C00422,Salary,2021-03-13,B003,Active,109720.23
A000199,C00227,Current,2020-12-28,B009,Closed,345136.76
A000200,C00867,Savings,2020-09-27,B007,Inactive,458099.55
A000201,C00839,Current,2025-04-30,B001,Inactive,174756.75
A000202,C00143,Business,2022-07-27,B010,Closed,382031.18
A000203,C00177,Salary,2022-10-19,B001,Closed,407472.48
A000204,C00132,Current,2024-02-22,B004,Inactive,63546.75
A000205,C00081,Business,2025-03-05,B002,Active,10384.4
A000206,C00776,Business,2021-03-16,B001,Active,54800.87
A000207,C00608,Savings,2020-11-16,B008,Active,454356.12
A000208,C00068,Salary,2026-02-24,B001,Active,391403.04
A000209,C00211,Current,2019-11-21,B003,Closed,176415.3
A000210,C00150,Salary,2025-08-14,B010,Inactive,176749.43
A000211,C00800,Current,2021-01-08,B009,Closed,35100.18
A000212,C00782,Savings,2020-02-25,B009,Active,358190.01
A000213,C00176,Savings,2023-06-23,B002,Active,460318.11
A000214,C00376,Current,2021-04-24,B008,Closed,478916.12
A000215,C00855,Salary,2024-08-10,B007,Inactive,107922.73
A000216,C00418,Savings,2024-01-31,B006,Active,233484.95
A000217,C00140,Business,2020-10-22,B006,Closed,144847.36
A000218,C00085,Salary,2026-03-07,B008,Active,193005.78
A000219,C00615,Salary,2021-07-06,B008,Active,277404.03
A000220,C00876,Business,2023-05-18,B004,Active,447482.57
A000221,C00962,Salary,2021-04-20,B003,Active,499362.94
A000222,C00689,Savings,2021-02-14,B007,Inactive,261808.53
A000223,C00123,Current,2025-09-06,B007,Inactive,347823.52
A000224,C00760,Current,2025-06-30,B002,Inactive,487628.54
A000225,C00206,Business,2022-11-02,B002,Active,419216.46
A000226,C00286,Salary,2021-01-14,B007,Inactive,238437.32
A000227,C00973,Business,2019-11-15,B008,Closed,140166.43
A000228,C00111,Savings,2021-07-15,B005,Inactive,249139.62
A000229,C00031,Savings,2025-02-15,B001,Active,249569.32
A000230,C00996,Current,2026-05-03,B007,Closed,339922.98
A000231,C00311,Savings,2024-12-03,B002,Closed,376053.26
A000232,C00812,Business,2021-02-11,B004,Inactive,331384.52
A000233,C00517,Salary,2021-02-19,B009,Inactive,404931.32
A000234,C00560,Savings,2020-07-28,B001,Inactive,440182.71
A000235,C00393,Business,2025-04-20,B006,Inactive,221835.52
A000236,C00034,Current,2026-03-26,B009,Closed,430319.99
A000237,C00906,Current,2023-03-28,B008,Inactive,68109.63
A000238,C00500,Savings,2022-04-10,B010,Closed,245786.3
A000239,C00702,Business,2020-06-04,B008,Closed,427321.38
A000240,C00058,Business,2020-12-14,B005,Inactive,295931.51
A000241,C00632,Salary,2022-05-26,B005,Inactive,31650.56
A000242,C00047,Current,2020-01-06,B006,Inactive,404967.16
A000243,C00028,Salary,2020-02-02,B007,Active,214645.95
A000244,C00422,Salary,2022-08-18,B001,Closed,122870.21
A000245,C00664,Salary,2024-01-02,B010,Active,455284.12
A000246,C00890,Salary,2025-11-25,B002,Inactive,85719.84
A000247,C00334,Savings,2020-08-06,B008,Closed,431820.89
A000248,C00528,Business,2020-04-07,B005,Active,348283.28
A000249,C00023,Salary,2020-01-16,B007,Closed,195760.09
A000250,C00101,Business,2020-03-19,B002,Closed,337880.54
A000251,C00509,Salary,2022-11-13,B003,Closed,150460.93
A000252,C00207,Business,2021-09-30,B002,Closed,107825.97
A000253,C00049,Salary,2023-08-30,B010,Inactive,402496.91
A000254,C00735,Savings,2025-08-09,B010,Inactive,137409.1
A000255,C00821,Business,2020-04-13,B007,Active,174310.93
A000256,C00668,Salary,2025-10-10,B009,Inactive,217022.33
A000257,C00321,Current,2020-07-31,B007,Inactive,126381.13
A000258,C00465,Current,2020-11-09,B001,Closed,351962.49
A000259,C00591,Business,2024-07-17,B004,Closed,481096.42
A000260,C00275,Business,2021-05-24,B010,Closed,313752.48
A000261,C00206,Salary,2020-10-11,B008,Active,120946.6
A000262,C00865,Business,2023-04-09,B007,Inactive,430232.79
A000263,C00650,Current,2025-11-30,B007,Inactive,412031.64
A000264,C00263,Current,2024-11-01,B007,Active,57665.73
A000265,C00029,Current,2024-06-25,B005,Inactive,243205.79
A000266,C00433,Savings,2021-09-29,B004,Active,137083.27
A000267,C00265,Salary,2026-04-23,B009,Active,322502.62
A000268,C00987,Business,2026-03-01,B001,Active,429932.42
A000269,C00322,Salary,2025-09-11,B002,Inactive,448489.85
A000270,C00407,Current,2025-08-16,B004,Active,285915.72
A000271,C00956,Savings,2021-01-09,B009,Closed,414661.81
A000272,C00258,Business,2020-09-29,B002,Active,300310.84
A000273,C00338,Business,2023-02-14,B004,Inactive,109786.18
A000274,C00180,Current,2025-06-09,B005,Inactive,204779.4
A000275,C00058,Business,2020-01-10,B009,Inactive,350109.25
A000276,C00325,Business,2025-05-15,B008,Closed,123927.0
A000277,C00901,Current,2023-07-10,B006,Inactive,358119.94
A000278,C00022,Savings,2023-03-07,B001,Closed,458811.19
A000279,C00260,Business,2023-12-13,B005,Closed,479283.32
A000280,C00925,Savings,2022-07-26,B009,Active,428965.92
A000281,C00009,Business,2022-04-12,B005,Inactive,46034.91
A000282,C00305,Current,2023-12-30,B003,Inactive,316045.0
A000283,C00809,Savings,2022-01-29,B005,Active,411775.69
A000284,C00483,Business,2021-02-14,B006,Closed,211760.63
A000285,C00845,Current,2025-07-05,B005,Closed,34117.25
A000286,C00617,Salary,2021-12-01,B008,Closed,14648.1
A000287,C00657,Current,2026-01-19,B008,Closed,68910.02
A000288,C00205,Salary,2022-02-21,B006,Closed,42033.79
A000289,C00256,Current,2024-11-12,B010,Closed,205747.79
A000290,C00463,Business,2023-01-20,B003,Inactive,87566.03
A000291,C00847,Salary,2019-12-26,B005,Active,43115.08
A000292,C00187,Business,2022-07-07,B007,Closed,113019.08
A000293,C00946,Current,2026-05-18,B002,Inactive,99934.84
A000294,C00051,Business,2024-09-28,B010,Inactive,300595.97
A000295,C00092,Salary,2024-12-17,B003,Closed,59557.91
A000296,C00446,Business,2020-09-27,B008,Active,113017.49
A000297,C00196,Salary,2024-05-10,B005,Closed,247589.91
A000298,C00442,Current,2025-03-05,B010,Active,497608.52
A000299,C00745,Current,2023-06-18,B007,Active,204853.53
A000300,C00030,Salary,2024-12-31,B005,Active,309222.44
A000301,C00379,Business,2023-11-07,B002,Active,234971.92
A000302,C00998,Business,2023-01-04,B004,Closed,192364.23
A000303,C00754,Salary,2021-11-21,B002,Active,278942.99
A000304,C00341,Current,2026-01-19,B008,Inactive,498372.98
A000305,C00727,Savings,2019-12-05,B001,Inactive,252766.46
A000306,C00310,Business,2022-05-13,B006,Active,484060.85
A000307,C00043,Current,2020-05-12,B005,Active,252369.61
A000308,C00899,Business,2022-10-31,B003,Active,159341.38
A000309,C00444,Current,2020-09-08,B005,Active,157321.53
A000310,C00512,Salary,2025-03-15,B006,Inactive,142179.83
A000311,C00628,Salary,2023-09-07,B009,Inactive,218451.91
A000312,C00324,Business,2024-10-14,B003,Closed,426663.8
A000313,C00055,Current,2021-09-13,B003,Active,115700.41
A000314,C00482,Salary,2026-03-27,B003,Closed,234099.29
A000315,C00917,Business,2025-05-02,B001,Inactive,178903.54
A000316,C00497,Business,2020-05-06,B008,Active,423073.34
A000317,C00127,Salary,2024-12-22,B002,Active,434218.38
A000318,C00855,Current,2024-08-11,B009,Inactive,282060.45
A000319,C00218,Savings,2020-01-26,B009,Closed,91103.85
A000320,C00253,Business,2025-10-10,B002,Inactive,13955.12
A000321,C00404,Salary,2025-04-08,B010,Active,418651.63
A000322,C00030,Savings,2024-11-29,B008,Closed,330110.12
A000323,C00644,Salary,2021-07-18,B010,Closed,3896.88
A000324,C00672,Business,2026-02-22,B006,Closed,499910.73
A000325,C00133,Current,2020-04-02,B001,Closed,142194.05
A000326,C00762,Savings,2026-01-05,B009,Closed,191314.07
A000327,C00262,Current,2022-03-01,B004,Inactive,45504.97
A000328,C00167,Business,2024-04-20,B007,Inactive,323936.83
A000329,C00124,Salary,2024-11-27,B008,Inactive,368208.75
A000330,C00926,Current,2023-02-27,B006,Closed,48959.64
A000331,C00525,Current,2022-07-07,B008,Inactive,442821.11
A000332,C00275,Business,2021-04-17,B002,Inactive,405686.19
A000333,C00445,Business,2024-07-18,B002,Active,257157.39
A000334,C00693,Current,2021-06-09,B003,Inactive,264112.08
A000335,C00086,Salary,2020-10-01,B008,Inactive,40512.38
A000336,C00308,Current,2021-04-12,B003,Closed,451548.91
A000337,C00536,Business,2023-11-06,B005,Closed,24816.41
A000338,C00940,Savings,2025-10-11,B009,Active,255815.14
A000339,C00097,Business,2022-01-02,B010,Inactive,178373.36
A000340,C00084,Savings,2020-01-26,B002,Closed,331127.58
A000341,C00806,Current,2024-08-15,B007,Active,42561.99
A000342,C00322,Business,2023-04-19,B008,Closed,404109.2
A000343,C00990,Current,2022-10-22,B004,Active,40032.04
A000344,C00893,Savings,2023-09-23,B007,Closed,9939.69
A000345,C00120,Savings,2022-03-17,B003,Closed,239082.82
A000346,C00890,Business,2022-02-03,B005,Closed,406753.11
A000347,C00708,Business,2022-08-04,B005,Active,63419.66
A000348,C00196,Savings,2026-06-25,B001,Closed,485289.66
A000349,C00215,Business,2026-05-03,B003,Closed,121648.33
A000350,C00196,Savings,2020-08-05,B005,Inactive,74934.66
A000351,C00023,Savings,2021-11-26,B003,Active,369651.81
A000352,C00987,Business,2021-08-23,B008,Active,430038.43
A000353,C00249,Current,2020-01-27,B005,Closed,414895.93
A000354,C00053,Salary,2022-03-30,B001,Active,315574.53
A000355,C00426,Business,2021-10-17,B010,Closed,365808.19
A000356,C00038,Business,2023-05-17,B007,Inactive,257164.51
A000357,C00238,Savings,2021-03-01,B009,Active,211580.27
A000358,C00567,Savings,2023-02-04,B005,Closed,209151.59
A000359,C00120,Business,2021-04-30,B010,Closed,174035.29
A000360,C00022,Current,2021-09-29,B005,Closed,96908.45
A000361,C00449,Current,2022-10-12,B009,Active,294241.7
A000362,C00944,Business,2022-10-31,B003,Inactive,361774.51
A000363,C00983,Business,2022-04-05,B006,Inactive,400077.77
A000364,C00637,Current,2024-10-26,B005,Closed,374877.9
A000365,C00133,Current,2021-03-22,B004,Active,303268.75
A000366,C00813,Business,2025-07-03,B008,Inactive,118124.73
A000367,C00049,Savings,2020-05-23,B006,Inactive,179164.89
A000368,C00179,Savings,2024-11-09,B002,Inactive,215879.61
A000369,C00124,Current,2024-02-04,B008,Inactive,496837.75
A000370,C00788,Savings,2022-08-26,B009,Inactive,448262.53
A000371,C00619,Savings,2020-11-08,B001,Inactive,399694.46
A000372,C00999,Savings,2025-05-23,B010,Closed,391295.97
A000373,C00844,Savings,2025-06-29,B009,Active,84356.1
A000374,C00892,Current,2025-04-24,B006,Active,364446.29
A000375,C00781,Business,2021-09-07,B002,Active,323899.39
A000376,C00839,Current,2022-11-19,B002,Active,220115.12
A000377,C00788,Savings,2021-12-22,B004,Inactive,171318.71
A000378,C00176,Savings,2020-12-21,B005,Inactive,357884.67
A000379,C00370,Current,2021-12-25,B003,Closed,211439.38
A000380,C00142,Business,2024-01-29,B007,Inactive,449134.56
A000381,C00814,Salary,2020-11-05,B001,Inactive,73646.57
A000382,C00735,Savings,2026-07-11,B002,Inactive,158087.48
A000383,C00445,Savings,2024-10-16,B007,Active,330427.91
A000384,C00925,Savings,2024-12-10,B009,Inactive,210233.34
A000385,C00895,Salary,2020-06-05,B006,Inactive,4943.21
A000386,C00922,Current,2023-07-02,B007,Inactive,322295.79
A000387,C00640,Business,2020-07-13,B006,Closed,202848.35
A000388,C00903,Salary,2024-06-03,B002,Active,269179.31
A000389,C00743,Current,2022-04-06,B009,Closed,142680.0
A000390,C00524,Salary,2025-08-05,B009,Inactive,378766.12
A000391,C00024,Savings,2024-11-03,B009,Closed,130086.4
A000392,C00744,Business,2023-03-25,B009,Active,366261.1
A000393,C00266,Salary,2022-06-15,B002,Active,378523.41
A000394,C00460,Salary,2025-03-28,B010,Closed,3601.49
A000395,C00242,Current,2022-11-01,B006,Inactive,142983.21
A000396,C00689,Current,2020-03-18,B007,Closed,369018.65
A000397,C00336,Current,2025-06-15,B006,Inactive,49895.93
A000398,C00849,Business,2021-11-11,B002,Active,32034.64
A000399,C00488,Current,2025-03-06,B008,Active,185277.81
A000400,C00413,Business,2020-09-25,B005,Closed,249914.83
A000401,C00451,Business,2021-11-20,B007,Active,73028.74
A000402,C00497,Business,2025-03-18,B003,Closed,257079.56
A000403,C00121,Current,2020-09-13,B008,Inactive,17271.09
A000404,C00967,Salary,2024-11-16,B002,Closed,426306.58
A000405,C00124,Salary,2025-05-26,B010,Inactive,21100.79
A000406,C00121,Salary,2024-12-01,B005,Inactive,152326.78
A000407,C00029,Current,2021-03-09,B003,Closed,211456.73
A000408,C00911,Salary,2023-03-20,B004,Active,409743.41
A000409,C00003,Savings,2021-02-25,B009,Inactive,34714.7
A000410,C00428,Business,2026-02-18,B010,Inactive,283316.22
A000411,C00801,Business,2022-11-06,B008,Closed,417008.05
A000412,C00781,Current,2025-02-23,B009,Closed,231007.15
A000413,C00684,Business,2021-08-04,B003,Closed,163282.93
A000414,C00397,Current,2022-01-16,B007,Inactive,270956.23
A000415,C00754,Salary,2021-09-01,B002,Active,353897.1
A000416,C00646,Salary,2020-03-22,B009,Closed,62767.02
A000417,C00088,Current,2020-05-12,B010,Closed,288850.94
A000418,C00981,Current,2026-01-16,B008,Closed,448535.28
A000419,C00675,Current,2025-04-15,B001,Inactive,393591.77
A000420,C00850,Business,2023-11-20,B002,Closed,303820.56
A000421,C00604,Savings,2022-02-17,B008,Active,170638.32
A000422,C00425,Savings,2024-08-11,B009,Inactive,191623.48
A000423,C00118,Savings,2025-08-13,B009,Active,143390.51
A000424,C00262,Savings,2024-08-02,B003,Inactive,476130.2
A000425,C00061,Salary,2024-09-26,B003,Active,356937.01
A000426,C00400,Savings,2023-04-18,B006,Active,206998.58
A000427,C00265,Business,2023-01-01,B002,Active,102077.17
A000428,C00601,Current,2019-12-10,B008,Closed,376442.6
A000429,C00973,Savings,2022-04-26,B005,Active,159849.89
A000430,C00417,Savings,2020-06-07,B008,Active,204339.4
A000431,C00936,Savings,2024-01-06,B005,Closed,481773.87
A000432,C00253,Current,2025-07-01,B005,Closed,203966.21
A000433,C00867,Current,2025-09-11,B003,Inactive,270679.44
A000434,C00801,Current,2024-10-01,B009,Inactive,480714.7
A000435,C00463,Savings,2020-05-30,B001,Inactive,480596.11
A000436,C00669,Current,2023-05-24,B001,Active,466819.9
A000437,C00280,Salary,2021-03-24,B007,Inactive,421376.9
A000438,C00600,Salary,2024-04-01,B001,Active,369852.29
A000439,C00072,Salary,2020-04-27,B002,Inactive,349516.23
A000440,C00743,Salary,2025-01-25,B007,Active,305612.21
A000441,C00906,Salary,2023-01-25,B005,Closed,226906.32
A000442,C00679,Salary,2023-11-17,B006,Active,230439.87
A000443,C00337,Savings,2019-11-30,B003,Closed,461206.63
A000444,C00005,Savings,2021-04-17,B003,Inactive,278339.54
A000445,C00781,Business,2021-02-25,B009,Active,393865.31
A000446,C00552,Savings,2025-10-07,B008,Closed,62584.38
A000447,C00848,Salary,2022-06-01,B007,Active,419733.75
A000448,C00128,Business,2026-07-17,B006,Active,222844.25
A000449,C00761,Savings,2024-02-25,B005,Closed,460777.95
A000450,C00197,Savings,2022-08-16,B010,Closed,152286.09
A000451,C00240,Business,2024-02-27,B006,Active,141097.42
A000452,C00008,Current,2024-04-16,B007,Active,435088.2
A000453,C00513,Business,2020-04-02,B003,Closed,97691.36
A000454,C00689,Current,2020-04-16,B002,Closed,64994.95
A000455,C00131,Salary,2025-11-27,B010,Active,440620.54
A000456,C00197,Savings,2023-07-24,B009,Closed,127207.62
A000457,C00905,Business,2020-05-09,B001,Inactive,320842.18
A000458,C00875,Salary,2026-01-20,B007,Inactive,137743.76
A000459,C00478,Business,2020-10-28,B006,Closed,379751.84
A000460,C00049,Salary,2024-02-13,B007,Closed,224981.89
A000461,C00402,Current,2026-07-30,B006,Active,440169.13
A000462,C00756,Current,2026-05-09,B007,Active,458580.62
A000463,C00169,Salary,2024-06-05,B005,Active,313371.35
A000464,C00029,Business,2025-07-20,B007,Active,296672.85
A000465,C00861,Salary,2022-11-20,B004,Active,237314.69
A000466,C00853,Savings,2022-10-25,B006,Closed,397261.45
A000467,C00795,Business,2025-10-26,B002,Closed,223781.64
A000468,C00088,Savings,2025-03-27,B001,Inactive,157326.44
A000469,C00802,Current,2025-11-27,B001,Inactive,28339.63
A000470,C00068,Savings,2021-10-17,B001,Closed,27049.37
A000471,C00412,Savings,2022-05-11,B010,Inactive,117322.88
A000472,C00807,Savings,2019-11-30,B008,Inactive,232640.34
A000473,C00902,Savings,2021-11-01,B006,Closed,468854.84
A000474,C00465,Salary,2026-05-06,B010,Active,54895.29
A000475,C00610,Savings,2026-07-01,B010,Active,452280.63
A000476,C00653,Salary,2025-03-22,B006,Inactive,241218.25
A000477,C00191,Current,2021-08-25,B003,Active,31185.1
A000478,C00599,Business,2023-02-21,B009,Closed,377432.44
A000479,C00598,Current,2023-02-23,B003,Inactive,155028.53
A000480,C00299,Salary,2022-10-16,B001,Closed,293633.52
A000481,C00059,Current,2025-01-05,B009,Closed,429492.4
A000482,C00353,Current,2021-11-26,B004,Closed,454341.61
A000483,C00350,Current,2025-11-13,B008,Closed,346228.66
A000484,C00615,Salary,2021-05-24,B010,Closed,481569.38
A000485,C00429,Salary,2023-04-11,B003,Active,227696.74
A000486,C00508,Current,2026-03-01,B001,Closed,112289.52
A000487,C00478,Current,2024-01-20,B004,Inactive,367558.5
A000488,C00827,Business,2022-12-02,B004,Inactive,92938.01
A000489,C00372,Savings,2026-07-24,B002,Inactive,15978.78
A000490,C00146,Salary,2025-05-06,B008,Active,316035.95
A000491,C00045,Savings,2022-08-07,B004,Active,142766.34
A000492,C00907,Salary,2024-03-07,B003,Inactive,423919.56
A000493,C00183,Current,2023-11-17,B001,Active,421597.83
A000494,C00022,Current,2025-07-02,B007,Closed,393919.63
A000495,C00347,Current,2025-05-23,B005,Inactive,120834.82
A000496,C00677,Current,2022-06-17,B009,Closed,440950.23
A000497,C00122,Current,2025-11-26,B003,Active,96648.96
A000498,C00712,Salary,2022-05-24,B006,Closed,215340.54
A000499,C00944,Savings,2023-11-23,B010,Closed,95361.98
A000500,C00302,Current,2020-08-18,B006,Active,27576.23
A000501,C00894,Current,2023-06-30,B009,Closed,443031.31
A000502,C00745,Savings,2024-04-15,B008,Closed,307828.34
A000503,C00521,Business,2024-10-04,B009,Inactive,249795.3
A000504,C00184,Salary,2021-06-06,B006,Closed,347560.33
A000505,C00486,Salary,2021-02-01,B010,Inactive,319414.69
A000506,C00666,Savings,2020-02-02,B004,Active,447547.43
A000507,C00884,Current,2021-07-26,B007,Active,153693.52
A000508,C00586,Current,2022-05-29,B006,Inactive,275725.43
A000509,C00770,Savings,2025-02-16,B005,Inactive,259891.54
A000510,C00598,Savings,2024-01-21,B008,Closed,310941.78
A000511,C00462,Business,2021-11-09,B007,Inactive,184388.46
A000512,C00325,Salary,2021-01-21,B007,Active,90603.3
A000513,C00272,Savings,2024-01-06,B006,Active,147964.39
A000514,C00526,Savings,2021-01-03,B005,Active,50106.15
A000515,C00369,Savings,2025-11-01,B009,Active,167545.16
A000516,C00257,Salary,2022-12-11,B005,Active,353115.68
A000517,C00876,Salary,2025-02-02,B001,Inactive,141640.79
A000518,C00802,Business,2022-10-01,B007,Closed,379145.23
A000519,C00484,Current,2026-07-03,B007,Active,114236.22
A000520,C00486,Current,2024-04-13,B009,Closed,393201.35
A000521,C00740,Business,2021-05-19,B006,Active,157224.34
A000522,C00440,Business,2024-07-12,B004,Inactive,225536.0
A000523,C00031,Salary,2020-05-16,B003,Closed,437001.36
A000524,C00966,Savings,2023-03-18,B008,Closed,417315.14
A000525,C00231,Business,2022-10-29,B007,Closed,376560.47
A000526,C00307,Salary,2020-08-09,B010,Active,284221.14
A000527,C00945,Current,2026-04-11,B003,Inactive,284527.25
A000528,C00936,Business,2019-11-16,B007,Active,474397.64
A000529,C00548,Business,2025-12-03,B004,Inactive,55210.54
A000530,C00986,Business,2020-04-01,B005,Active,86540.41
A000531,C00182,Savings,2020-06-08,B010,Inactive,14392.41
A000532,C00072,Business,2024-05-27,B005,Active,117286.67
A000533,C00072,Business,2020-10-03,B001,Inactive,259747.31
A000534,C00335,Business,2024-09-16,B007,Active,494807.97
A000535,C00550,Business,2025-03-10,B008,Closed,35312.73
A000536,C00134,Current,2024-04-27,B005,Inactive,409130.16
A000537,C00163,Salary,2021-04-24,B010,Active,251735.04
A000538,C00283,Current,2021-06-28,B001,Active,223420.06
A000539,C00620,Current,2022-02-27,B009,Inactive,455240.97
A000540,C00472,Business,2021-02-17,B010,Active,368908.06
A000541,C00662,Business,2023-05-29,B006,Closed,421477.1
A000542,C00401,Current,2023-04-20,B007,Active,90609.48
A000543,C00469,Business,2021-10-16,B003,Closed,284739.02
A000544,C00716,Savings,2022-03-23,B004,Active,137614.36
A000545,C00299,Savings,2020-08-09,B004,Inactive,206227.8
A000546,C00125,Salary,2020-06-08,B002,Active,252693.03
A000547,C00420,Business,2022-12-24,B003,Inactive,104478.68
A000548,C00474,Savings,2026-02-19,B002,Closed,347548.37
A000549,C00391,Salary,2021-06-16,B007,Active,198940.49
A000550,C00257,Savings,2026-07-08,B003,Inactive,335477.49
A000551,C00497,Business,2021-06-06,B002,Active,274665.84
A000552,C00731,Business,2023-12-02,B003,Inactive,410392.92
A000553,C00175,Savings,2024-10-29,B010,Active,89441.07
A000554,C00548,Business,2025-03-30,B003,Active,336024.69
A000555,C00694,Salary,2026-07-06,B003,Inactive,179685.41
A000556,C00732,Savings,2024-03-16,B009,Active,221587.01
A000557,C00857,Savings,2026-02-06,B007,Closed,154853.8
A000558,C00613,Savings,2026-01-18,B001,Inactive,383790.0
A000559,C00384,Current,2023-11-02,B004,Active,9003.18
A000560,C00015,Salary,2026-04-28,B004,Closed,334805.78
A000561,C00982,Savings,2024-02-29,B003,Closed,84356.58
A000562,C00525,Savings,2021-12-22,B006,Inactive,281465.0
A000563,C00640,Current,2024-07-05,B009,Inactive,469522.69
A000564,C00238,Current,2025-04-13,B002,Inactive,162360.55
A000565,C00412,Salary,2026-06-20,B001,Inactive,107171.2
A000566,C00068,Salary,2024-03-02,B010,Inactive,22925.53
A000567,C00421,Salary,2024-03-08,B010,Inactive,491568.14
A000568,C00730,Current,2025-06-29,B005,Active,300333.71
A000569,C00695,Current,2022-04-12,B006,Active,318041.37
A000570,C00872,Business,2023-01-26,B002,Inactive,9806.75
A000571,C00460,Business,2020-01-28,B009,Closed,371165.15
A000572,C00602,Savings,2020-12-27,B004,Active,308557.99
A000573,C00317,Current,2025-03-30,B007,Active,310263.35
A000574,C00141,Salary,2025-12-18,B008,Inactive,101803.88
A000575,C00210,Savings,2022-06-03,B004,Closed,299439.52
A000576,C00757,Salary,2021-08-29,B003,Inactive,159451.79
A000577,C00534,Business,2026-03-11,B005,Active,115276.0
A000578,C00351,Current,2022-12-03,B004,Closed,27982.92
A000579,C00821,Current,2023-11-07,B010,Inactive,261214.49
A000580,C00453,Savings,2024-07-30,B002,Inactive,35922.48
A000581,C00054,Current,2024-06-23,B004,Active,46787.94
A000582,C00563,Current,2019-12-28,B004,Closed,40004.09
A000583,C00319,Current,2021-05-25,B004,Active,212584.37
A000584,C00311,Salary,2023-11-05,B010,Inactive,483895.18
A000585,C00279,Business,2024-05-18,B002,Inactive,199723.99
A000586,C00483,Business,2024-10-02,B007,Closed,305087.72
A000587,C00779,Current,2021-10-10,B008,Active,381202.72
A000588,C00875,Savings,2021-11-04,B005,Closed,269061.64
A000589,C00745,Current,2020-06-08,B005,Inactive,232361.97
A000590,C00291,Business,2021-07-20,B009,Closed,240941.32
A000591,C00140,Business,2022-11-25,B004,Active,458149.84
A000592,C00014,Salary,2026-08-03,B008,Inactive,462919.84
A000593,C00994,Salary,2022-03-18,B007,Inactive,154597.6
A000594,C00073,Business,2020-01-15,B001,Active,193028.18
A000595,C00167,Current,2020-04-17,B007,Inactive,385863.92
A000596,C00522,Business,2022-09-23,B006,Closed,29794.6
A000597,C00949,Business,2022-04-25,B004,Active,239385.05
A000598,C00647,Savings,2022-08-01,B003,Inactive,303112.38
A000599,C00261,Current,2024-12-25,B010,Closed,475937.34
A000600,C00013,Savings,2024-10-28,B002,Closed,356093.12
A000601,C00408,Savings,2022-04-29,B009,Active,438127.08
A000602,C00850,Business,2024-10-10,B005,Closed,151807.56
A000603,C00675,Business,2020-08-28,B010,Inactive,367232.79
A000604,C00112,Salary,2025-08-21,B003,Inactive,374616.31
A000605,C00716,Salary,2022-03-04,B001,Active,408378.3
A000606,C00100,Savings,2026-08-14,B007,Closed,209004.32
A000607,C00751,Business,2023-05-27,B003,Active,187951.04
A000608,C00203,Business,2025-02-16,B003,Closed,474293.17
A000609,C00581,Current,2021-08-01,B003,Active,30432.05
A000610,C00829,Current,2024-08-02,B005,Inactive,220924.49
A000611,C00890,Current,2025-05-30,B002,Inactive,43767.82
A000612,C00284,Savings,2025-03-28,B006,Active,293237.55
A000613,C00497,Savings,2021-04-11,B001,Active,133774.29
A000614,C00682,Savings,2026-07-22,B002,Active,261644.94
A000615,C00385,Salary,2026-07-22,B008,Inactive,378698.91
A000616,C00345,Salary,2021-10-26,B006,Inactive,408606.75
A000617,C00682,Business,2022-08-02,B007,Closed,29563.53
A000618,C00895,Salary,2022-08-23,B002,Active,229002.71
A000619,C00743,Current,2022-02-17,B001,Closed,62324.38
A000620,C00287,Current,2020-09-07,B006,Inactive,309557.5
A000621,C00528,Business,2021-04-22,B004,Active,493104.52
A000622,C00018,Salary,2023-01-09,B001,Closed,163437.07
A000623,C00240,Business,2021-08-27,B007,Closed,306683.58
A000624,C00357,Business,2025-09-21,B008,Closed,428692.9
A000625,C00752,Business,2025-07-05,B005,Closed,98343.4
A000626,C00891,Savings,2025-01-11,B003,Inactive,398613.56
A000627,C00853,Business,2023-04-04,B003,Inactive,477570.56
A000628,C00679,Current,2021-03-25,B004,Active,86046.07
A000629,C00109,Business,2025-08-19,B001,Active,464572.73
A000630,C00925,Business,2022-12-22,B005,Active,359868.32
A000631,C00975,Savings,2021-04-18,B003,Closed,317140.55
A000632,C00093,Salary,2021-02-12,B004,Closed,383402.36
A000633,C00067,Salary,2019-11-25,B007,Closed,371740.94
A000634,C00670,Business,2022-05-10,B004,Active,130287.88
A000635,C00090,Savings,2023-05-17,B002,Inactive,370550.03
A000636,C00763,Savings,2024-07-11,B010,Inactive,64581.32
A000637,C00977,Business,2023-02-14,B010,Closed,1837.57
A000638,C00605,Current,2025-12-10,B007,Inactive,160501.85
A000639,C00817,Current,2022-07-17,B009,Closed,301207.2
A000640,C00110,Business,2024-02-23,B001,Closed,426328.65
A000641,C00149,Salary,2023-02-03,B004,Inactive,340310.48
A000642,C00616,Salary,2024-12-25,B003,Closed,333010.0
A000643,C00614,Salary,2026-04-02,B005,Closed,495177.22
A000644,C00281,Business,2025-04-02,B004,Inactive,146456.06
A000645,C00061,Salary,2022-05-31,B003,Closed,106095.93
A000646,C00718,Savings,2024-02-11,B003,Inactive,363970.34
A000647,C00835,Current,2023-04-13,B001,Closed,196750.5
A000648,C00695,Business,2021-11-24,B006,Inactive,196140.48
A000649,C00745,Salary,2020-09-18,B005,Closed,461608.83
A000650,C00404,Savings,2020-06-28,B003,Inactive,376380.97
A000651,C00887,Savings,2020-02-16,B005,Inactive,327662.36
A000652,C00141,Business,2020-02-29,B008,Inactive,448711.83
A000653,C00224,Current,2024-04-13,B001,Inactive,363252.8
A000654,C00105,Current,2020-03-07,B007,Inactive,340043.19
A000655,C00949,Savings,2024-09-30,B002,Inactive,487105.22
A000656,C00968,Savings,2024-08-15,B002,Closed,325398.8
A000657,C00445,Current,2019-12-25,B007,Active,17962.42
A000658,C00407,Business,2023-12-08,B005,Closed,298481.58
A000659,C00669,Business,2024-09-13,B002,Inactive,432583.0
A000660,C00282,Business,2022-05-08,B006,Active,60880.19
A000661,C00125,Business,2025-09-16,B009,Active,12490.35
A000662,C00587,Business,2020-03-18,B005,Closed,372934.29
A000663,C00186,Business,2019-12-27,B008,Closed,351665.76
A000664,C00586,Current,2023-04-16,B002,Inactive,32685.65
A000665,C00190,Business,2020-08-10,B001,Inactive,278474.02
A000666,C00803,Business,2020-08-14,B002,Closed,418734.83
A000667,C00731,Savings,2020-08-04,B004,Closed,448903.55
A000668,C00883,Current,2024-08-10,B001,Closed,224169.21
A000669,C00126,Savings,2023-02-10,B003,Closed,103908.72
A000670,C00090,Salary,2024-10-29,B001,Active,489984.29
A000671,C00306,Salary,2020-12-16,B009,Active,212102.61
A000672,C00255,Salary,2026-08-20,B001,Closed,452405.14
A000673,C00675,Business,2023-05-07,B003,Closed,245730.97
A000674,C00536,Salary,2023-02-16,B010,Closed,255784.58
A000675,C00679,Savings,2025-07-11,B004,Active,94848.75
A000676,C00877,Current,2023-04-11,B003,Closed,276483.24
A000677,C00368,Salary,2020-01-01,B003,Closed,311534.06
A000678,C00564,Salary,2025-10-20,B005,Inactive,325234.7
A000679,C00410,Business,2024-10-21,B002,Inactive,338586.31
A000680,C00549,Current,2025-01-11,B002,Closed,366604.77
A000681,C00732,Salary,2024-06-22,B010,Closed,324237.78
A000682,C00620,Current,2020-11-25,B007,Active,158863.81
A000683,C00389,Savings,2021-10-09,B010,Active,39684.77
A000684,C00545,Savings,2025-03-28,B009,Inactive,33913.72
A000685,C00372,Salary,2025-08-21,B005,Active,434558.83
A000686,C00281,Savings,2024-02-08,B002,Inactive,489763.12
A000687,C00388,Savings,2024-02-22,B002,Active,263711.36
A000688,C00603,Business,2023-03-14,B002,Closed,175101.21
A000689,C00887,Salary,2020-03-21,B009,Inactive,304126.01
A000690,C00175,Salary,2026-02-05,B007,Active,173241.27
A000691,C00565,Business,2020-09-03,B008,Closed,64658.53
A000692,C00704,Current,2026-07-13,B003,Active,190021.53
A000693,C00055,Salary,2023-08-21,B004,Closed,304742.79
A000694,C00188,Business,2021-07-02,B006,Inactive,251612.39
A000695,C00976,Business,2023-07-18,B009,Closed,440812.47
A000696,C00313,Savings,2024-01-26,B005,Inactive,385518.62
A000697,C00650,Savings,2025-08-16,B002,Closed,120778.33
A000698,C00170,Savings,2025-08-02,B002,Closed,143639.58
A000699,C00828,Savings,2021-02-09,B007,Closed,254832.5
A000700,C00492,Business,2025-02-08,B009,Closed,498979.26
A000701,C00715,Savings,2020-08-31,B007,Active,308527.02
A000702,C00732,Business,2026-07-22,B009,Closed,173185.25
A000703,C00701,Savings,2020-09-17,B010,Inactive,482359.04
A000704,C00926,Current,2020-10-06,B003,Active,184158.42
A000705,C00527,Salary,2025-02-20,B001,Inactive,248258.42
A000706,C00383,Savings,2024-09-21,B006,Closed,125632.85
A000707,C00872,Savings,2020-08-03,B005,Inactive,242079.22
A000708,C00219,Savings,2023-09-01,B010,Inactive,109514.13
A000709,C00952,Savings,2023-03-21,B008,Closed,424327.54
A000710,C00365,Savings,2025-12-28,B010,Inactive,164947.35
A000711,C00110,Savings,2022-09-01,B006,Closed,93892.7
A000712,C00010,Savings,2022-08-29,B007,Inactive,99574.67
A000713,C00527,Current,2020-09-13,B007,Active,456641.45
A000714,C00160,Salary,2026-07-23,B004,Inactive,198284.05
A000715,C00374,Business,2023-04-13,B003,Closed,405960.38
A000716,C00450,Business,2025-06-01,B003,Active,177515.15
A000717,C00006,Salary,2021-10-08,B004,Active,95593.97
A000718,C00137,Business,2026-03-09,B007,Closed,166275.54
A000719,C00165,Current,2026-04-13,B008,Closed,491481.42
A000720,C00432,Business,2025-04-21,B009,Inactive,400110.22
A000721,C00333,Business,2025-03-17,B009,Closed,461857.06
A000722,C00135,Savings,2022-04-11,B002,Active,63935.67
A000723,C00513,Savings,2022-10-11,B004,Active,339476.85
A000724,C00440,Savings,2022-10-19,B007,Inactive,145443.85
A000725,C00085,Business,2021-03-09,B004,Closed,77095.37
A000726,C00192,Current,2020-11-25,B005,Active,432219.24
A000727,C00683,Business,2023-11-11,B004,Inactive,353523.99
A000728,C00718,Current,2025-06-24,B004,Closed,314825.05
A000729,C00235,Savings,2024-12-19,B003,Inactive,20144.85
A000730,C00952,Current,2024-06-24,B007,Active,308617.21
A000731,C00886,Savings,2025-08-13,B007,Inactive,262960.62
A000732,C00228,Salary,2024-01-16,B007,Inactive,31613.51
A000733,C00660,Savings,2021-11-05,B005,Active,135353.8
A000734,C00966,Salary,2023-06-28,B007,Active,160600.6
A000735,C00187,Savings,2026-02-07,B001,Active,330554.95
A000736,C00218,Salary,2023-01-11,B008,Inactive,454332.51
A000737,C00442,Current,2025-07-04,B005,Inactive,182427.04
A000738,C00115,Savings,2023-03-23,B001,Closed,276332.35
A000739,C00340,Salary,2025-03-05,B006,Closed,389625.35
A000740,C00620,Salary,2020-09-14,B004,Closed,138697.53
A000741,C00394,Savings,2020-01-31,B002,Active,315149.76
A000742,C00124,Savings,2019-11-20,B010,Closed,408887.17
A000743,C00722,Business,2024-06-21,B002,Active,470967.18
A000744,C00309,Business,2022-10-16,B004,Closed,360663.96
A000745,C00131,Current,2026-02-22,B007,Closed,356089.96
A000746,C00999,Salary,2020-05-08,B006,Inactive,315302.45
A000747,C00933,Business,2025-04-27,B002,Inactive,210083.08
A000748,C00810,Savings,2020-12-26,B003,Closed,137800.17
A000749,C00297,Savings,2025-03-10,B010,Active,397400.8
A000750,C00759,Business,2024-07-02,B008,Closed,266702.46
A000751,C00995,Savings,2020-11-16,B003,Inactive,375613.17
A000752,C00576,Business,2022-04-30,B007,Closed,136475.6
A000753,C00004,Current,2024-07-28,B010,Active,296464.26
A000754,C00901,Business,2026-07-15,B009,Closed,360569.0
A000755,C00311,Current,2023-09-25,B005,Closed,134988.81
A000756,C00176,Current,2025-04-20,B001,Closed,119870.17
A000757,C00655,Current,2026-03-13,B005,Active,135946.99
A000758,C00658,Current,2026-01-21,B004,Closed,58976.23
A000759,C00648,Salary,2022-09-27,B006,Active,473267.49
A000760,C00271,Current,2020-06-23,B007,Closed,148152.77
A000761,C00641,Savings,2025-12-29,B006,Active,365507.86
A000762,C00181,Salary,2023-07-02,B001,Closed,329001.48
A000763,C00109,Business,2020-02-04,B005,Closed,317518.47
A000764,C00212,Business,2020-06-16,B004,Inactive,135127.96
A000765,C00645,Business,2020-02-11,B003,Inactive,116629.85
A000766,C00378,Current,2021-10-08,B008,Active,248484.63
A000767,C00190,Current,2021-06-26,B004,Closed,245768.67
A000768,C00664,Salary,2024-08-12,B001,Inactive,82296.41
A000769,C00838,Business,2024-08-23,B010,Active,35657.61
A000770,C00437,Current,2025-10-29,B008,Closed,485222.35
A000771,C00742,Current,2025-07-06,B001,Closed,50765.24
A000772,C00022,Savings,2022-05-01,B001,Closed,467404.19
A000773,C00255,Savings,2025-02-25,B005,Active,469360.6
A000774,C00014,Savings,2019-11-29,B002,Closed,368329.62
A000775,C00874,Savings,2022-11-03,B004,Active,240732.29
A000776,C00914,Business,2020-04-28,B003,Inactive,166546.4
A000777,C00250,Savings,2024-11-26,B009,Closed,134460.86
A000778,C00127,Savings,2020-07-16,B001,Active,272776.41
A000779,C00524,Business,2025-06-26,B003,Active,456171.31
A000780,C00233,Business,2026-05-14,B007,Active,177301.65
A000781,C00232,Business,2023-06-03,B002,Inactive,85609.97
A000782,C00230,Savings,2025-05-26,B005,Inactive,39068.68
A000783,C00122,Salary,2022-11-23,B002,Active,302648.68
A000784,C00439,Salary,2024-08-21,B010,Active,340037.22
A000785,C00915,Salary,2024-12-13,B010,Inactive,174844.46
A000786,C00278,Business,2025-06-21,B006,Inactive,405548.99
A000787,C00808,Savings,2025-10-12,B003,Closed,74147.95
A000788,C00400,Business,2024-12-23,B008,Active,57468.85
A000789,C00983,Salary,2021-11-04,B003,Active,162203.65
A000790,C00187,Business,2025-03-16,B006,Inactive,247609.03
A000791,C00711,Business,2021-03-28,B010,Closed,167399.11
A000792,C00393,Business,2023-11-17,B009,Inactive,269834.87
A000793,C00546,Current,2021-02-10,B007,Active,290901.0
A000794,C00540,Current,2021-11-27,B002,Active,181493.01
A000795,C00872,Savings,2024-05-10,B006,Closed,237489.25
A000796,C00944,Savings,2025-02-19,B001,Inactive,181068.41
A000797,C00302,Business,2025-01-27,B003,Closed,485937.98
A000798,C00249,Current,2021-11-30,B004,Active,373750.68
A000799,C00986,Current,2025-04-27,B007,Closed,14147.09
A000800,C00381,Savings,2021-11-15,B002,Closed,291221.93
A000801,C00858,Current,2021-04-15,B001,Active,183256.86
A000802,C00251,Savings,2025-10-01,B001,Closed,415702.93
A000803,C00154,Current,2021-12-19,B008,Closed,70916.09
A000804,C00716,Salary,2020-09-20,B008,Inactive,361556.15
A000805,C00801,Savings,2021-08-28,B005,Active,78787.78
A000806,C00619,Current,2026-04-11,B009,Active,6422.92
A000807,C00697,Business,2021-11-19,B009,Closed,414929.6
A000808,C00514,Salary,2020-03-21,B004,Inactive,465793.67
A000809,C00997,Savings,2023-08-03,B009,Inactive,488985.22
A000810,C00761,Current,2025-03-26,B007,Closed,28942.41
A000811,C00189,Savings,2022-03-28,B008,Inactive,157281.64
A000812,C00848,Business,2022-02-03,B003,Active,401866.29
A000813,C00200,Salary,2021-11-17,B002,Active,39826.48
A000814,C00798,Salary,2019-11-15,B001,Active,141821.26
A000815,C00110,Savings,2020-07-24,B004,Closed,6477.53
A000816,C00193,Current,2023-03-03,B001,Active,135314.84
A000817,C00579,Savings,2020-03-29,B010,Inactive,23794.63
A000818,C00096,Salary,2023-02-09,B001,Inactive,376088.04
A000819,C00513,Current,2022-03-04,B006,Inactive,363118.37
A000820,C00720,Savings,2025-03-08,B006,Inactive,448359.08
A000821,C00104,Current,2020-12-27,B001,Closed,398238.58
A000822,C00601,Savings,2021-04-15,B005,Active,76617.37
A000823,C00081,Savings,2021-06-11,B004,Active,403930.54
A000824,C00788,Current,2025-01-21,B009,Closed,496147.16
A000825,C00953,Salary,2020-10-07,B008,Active,170171.33
A000826,C00639,Business,2022-08-06,B001,Closed,387313.33
A000827,C00245,Current,2022-04-16,B010,Closed,38424.15
A000828,C00581,Business,2024-12-04,B002,Active,72168.64
A000829,C00561,Savings,2023-03-02,B008,Active,227949.12
A000830,C00957,Salary,2024-09-24,B003,Active,140778.54
A000831,C00362,Savings,2022-07-24,B002,Active,355616.86
A000832,C00265,Business,2021-06-20,B005,Inactive,325495.75
A000833,C00963,Savings,2025-01-22,B010,Inactive,20756.73
A000834,C00411,Business,2023-06-03,B010,Closed,65363.14
A000835,C00525,Salary,2022-07-10,B006,Active,341418.25
A000836,C00461,Salary,2020-12-17,B001,Closed,488738.39
A000837,C00759,Current,2025-12-30,B009,Active,78126.55
A000838,C00298,Business,2025-06-15,B003,Closed,200240.93
A000839,C00229,Business,2025-10-26,B008,Closed,47658.06
A000840,C00480,Business,2021-05-30,B002,Active,90956.41
A000841,C00940,Business,2025-06-03,B007,Active,201358.71
A000842,C00325,Salary,2025-11-29,B010,Inactive,107104.96
A000843,C00118,Salary,2021-04-18,B008,Active,272995.53
A000844,C00150,Current,2021-05-14,B006,Closed,16630.3
A000845,C00793,Business,2019-11-23,B001,Inactive,394990.01
A000846,C00219,Savings,2021-04-29,B004,Active,476369.86
A000847,C00277,Salary,2021-11-22,B003,Active,71727.21
A000848,C00415,Savings,2023-07-26,B005,Closed,226259.05
A000849,C00538,Current,2021-12-05,B005,Active,415444.0
A000850,C00917,Business,2025-08-07,B006,Inactive,83102.11
A000851,C00965,Business,2022-09-20,B008,Inactive,268217.64
A000852,C00989,Business,2024-10-31,B006,Closed,285588.12
A000853,C00575,Current,2026-07-11,B002,Closed,334313.28
A000854,C00332,Salary,2025-01-05,B001,Active,448354.06
A000855,C00512,Salary,2024-12-24,B002,Closed,203786.93
A000856,C00740,Savings,2020-10-18,B008,Active,317512.23
A000857,C00100,Savings,2020-02-24,B004,Closed,489536.96
A000858,C00714,Current,2021-12-03,B010,Inactive,108852.51
A000859,C00976,Current,2024-04-13,B010,Active,185757.95
A000860,C00017,Salary,2022-07-22,B005,Closed,409706.71
A000861,C00717,Business,2025-03-28,B008,Inactive,205783.02
A000862,C00849,Business,2022-09-08,B009,Inactive,57576.62
A000863,C00470,Business,2024-08-30,B006,Active,276824.03
A000864,C00556,Business,2024-10-23,B007,Inactive,422700.71
A000865,C00650,Salary,2021-09-24,B010,Active,497686.25
A000866,C00092,Savings,2025-06-21,B010,Inactive,52733.98
A000867,C00103,Business,2020-07-11,B009,Closed,403129.45
A000868,C00873,Business,2023-05-21,B004,Active,388663.25
A000869,C00391,Savings,2020-06-13,B004,Inactive,475325.2
A000870,C00991,Business,2022-09-14,B007,Closed,352213.64
A000871,C00008,Salary,2022-03-13,B004,Closed,142518.61
A000872,C00315,Business,2023-09-02,B004,Active,450193.44
A000873,C00034,Savings,2021-12-26,B001,Active,395464.55
A000874,C00840,Salary,2020-10-25,B006,Active,479621.14
A000875,C00248,Business,2021-10-24,B004,Closed,322572.74
A000876,C00821,Business,2026-01-21,B003,Closed,195815.44
A000877,C00413,Salary,2024-09-08,B009,Active,219263.39
A000878,C00728,Current,2025-07-09,B009,Active,316089.09
A000879,C00864,Salary,2022-03-29,B009,Active,474401.45
A000880,C00096,Savings,2024-05-08,B001,Inactive,6757.52
A000881,C00157,Savings,2019-12-25,B010,Closed,272292.57
A000882,C00586,Business,2025-10-02,B001,Closed,367350.41
A000883,C00650,Salary,2021-07-19,B003,Active,326608.84
A000884,C00305,Current,2024-02-24,B009,Active,363430.0
A000885,C00789,Salary,2022-05-25,B001,Inactive,42398.72
A000886,C00643,Savings,2025-01-09,B010,Active,56354.83
A000887,C00126,Savings,2019-12-15,B003,Inactive,131735.34
A000888,C00096,Savings,2024-08-11,B008,Inactive,456446.85
A000889,C00401,Savings,2024-04-21,B008,Active,207458.82
A000890,C00983,Savings,2021-03-07,B004,Closed,210533.65
A000891,C00649,Business,2023-02-13,B003,Active,150078.74
A000892,C00676,Savings,2024-08-19,B002,Inactive,496876.05
A000893,C00629,Savings,2021-03-17,B003,Closed,371106.72
A000894,C00198,Savings,2025-04-09,B009,Active,259479.47
A000895,C00222,Salary,2024-12-04,B002,Active,15719.31
A000896,C00226,Savings,2025-01-30,B003,Inactive,137559.57
A000897,C00977,Savings,2024-05-26,B006,Closed,276197.06
A000898,C00479,Business,2023-05-03,B007,Closed,473226.49
A000899,C00257,Current,2024-06-21,B004,Closed,423171.85
A000900,C00985,Business,2023-06-26,B002,Closed,396783.46
A000901,C00320,Current,2020-01-18,B004,Closed,244428.06
A000902,C00434,Salary,2021-08-19,B006,Closed,54672.0
A000903,C00440,Current,2022-05-05,B010,Inactive,187606.28
A000904,C00461,Current,2025-11-30,B001,Closed,127278.77
A000905,C00301,Salary,2022-01-15,B007,Active,58210.33
A000906,C00440,Current,2023-01-07,B006,Active,37247.53
A000907,C00381,Current,2022-06-20,B006,Active,5806.87
A000908,C00735,Salary,2026-07-07,B004,Inactive,284167.16
A000909,C00921,Current,2023-01-11,B009,Active,193409.85
A000910,C00218,Current,2019-11-21,B002,Closed,139746.19
A000911,C00588,Business,2025-10-18,B007,Inactive,406883.84
A000912,C00202,Savings,2024-05-31,B008,Inactive,24349.13
A000913,C00432,Savings,2023-07-23,B002,Inactive,86398.72
A000914,C00606,Business,2022-12-21,B004,Closed,11613.08
A000915,C00660,Savings,2026-06-08,B008,Inactive,66397.97
A000916,C00038,Savings,2022-02-13,B006,Closed,9119.87
A000917,C00098,Business,2021-05-14,B005,Inactive,159277.64
A000918,C00410,Savings,2022-10-04,B009,Inactive,247415.48
A000919,C00403,Salary,2026-02-09,B008,Inactive,424487.48
A000920,C00864,Salary,2025-04-10,B010,Active,15614.8
A000921,C00846,Savings,2026-02-06,B003,Active,496776.65
A000922,C00232,Current,2021-10-01,B002,Active,362329.85
A000923,C00836,Savings,2022-07-02,B001,Inactive,441776.35
A000924,C00114,Savings,2026-02-25,B005,Active,132599.84
A000925,C00277,Current,2022-05-19,B003,Closed,230886.19
A000926,C00327,Current,2025-03-21,B010,Inactive,318814.92
A000927,C00535,Current,2025-04-06,B010,Inactive,330973.22
A000928,C00330,Business,2023-06-28,B004,Active,132642.2
A000929,C00729,Savings,2023-04-25,B006,Closed,417935.51
A000930,C00676,Current,2023-12-02,B002,Active,485910.84
A000931,C00218,Savings,2025-12-17,B004,Inactive,409437.21
A000932,C00500,Savings,2024-07-12,B006,Active,407183.71
A000933,C00527,Salary,2020-09-19,B005,Closed,227556.96
A000934,C00869,Savings,2024-11-28,B003,Active,458431.92
A000935,C00999,Business,2022-04-24,B010,Closed,102307.34
A000936,C00193,Savings,2022-02-23,B005,Inactive,82933.97
A000937,C00975,Savings,2023-03-11,B003,Inactive,438221.92
A000938,C00247,Savings,2025-05-26,B008,Active,134111.58
A000939,C00678,Business,2021-04-18,B006,Inactive,60044.77
A000940,C00087,Salary,2020-06-18,B007,Active,76159.4
A000941,C00442,Salary,2021-01-02,B001,Inactive,137021.84
A000942,C00051,Business,2025-07-16,B007,Active,147708.94
A000943,C00181,Salary,2022-02-13,B009,Closed,247314.5
A000944,C00112,Savings,2021-10-10,B004,Active,110570.3
A000945,C00917,Savings,2026-01-15,B010,Inactive,120144.8
A000946,C00104,Salary,2020-09-01,B004,Closed,350056.63
A000947,C00402,Business,2022-02-05,B002,Active,367228.26
A000948,C00508,Current,2023-08-18,B003,Active,174468.92
A000949,C00723,Salary,2023-05-29,B001,Active,93354.33
A000950,C00757,Salary,2021-04-16,B004,Active,158241.14
A000951,C00171,Current,2025-11-09,B006,Inactive,71774.99
A000952,C00683,Business,2026-06-29,B007,Inactive,11392.6
A000953,C00903,Savings,2023-09-05,B003,Closed,380370.12
A000954,C00609,Salary,2026-07-12,B008,Closed,1502.23
A000955,C00484,Savings,2023-11-11,B001,Active,284066.1
A000956,C00856,Current,2023-05-18,B009,Closed,84485.06
A000957,C00794,Savings,2024-12-28,B002,Inactive,402142.42
A000958,C00464,Business,2022-11-15,B006,Closed,129412.42
A000959,C00260,Salary,2021-03-07,B008,Active,414046.99
A000960,C00728,Salary,2023-04-05,B009,Closed,428621.12
A000961,C00496,Savings,2019-12-15,B005,Closed,260135.14
A000962,C00152,Business,2026-05-28,B004,Closed,497049.44
A000963,C00510,Savings,2022-08-18,B004,Closed,370765.2
A000964,C00369,Current,2021-10-21,B002,Active,460402.98
A000965,C00655,Savings,2022-05-26,B005,Closed,339721.96
A000966,C00982,Current,2021-08-06,B005,Closed,175073.68
A000967,C00401,Business,2022-12-03,B005,Inactive,96095.76
A000968,C00533,Salary,2020-02-20,B010,Active,217296.35
A000969,C00581,Salary,2021-07-14,B005,Active,484765.48
A000970,C00950,Current,2021-01-15,B008,Closed,75963.65
A000971,C00639,Current,2023-05-22,B005,Inactive,144841.72
A000972,C00016,Business,2023-05-01,B001,Active,142225.63
A000973,C00127,Savings,2019-12-26,B008,Inactive,3540.03
A000974,C00677,Savings,2022-09-08,B001,Inactive,69721.67
A000975,C00805,Current,2023-06-17,B002,Closed,136063.78
A000976,C00443,Savings,2024-06-06,B005,Active,17036.21
A000977,C00255,Business,2022-08-29,B007,Inactive,483486.5
A000978,C00915,Salary,2025-07-15,B005,Closed,156057.16
A000979,C00447,Salary,2020-04-24,B010,Active,341977.27
A000980,C00257,Current,2024-05-25,B007,Closed,100562.06
A000981,C00088,Salary,2023-03-20,B010,Closed,231116.04
A000982,C00385,Business,2024-07-30,B002,Active,263759.13
A000983,C00516,Salary,2023-02-14,B008,Inactive,214406.92
A000984,C00985,Business,2021-12-02,B008,Active,456366.59
A000985,C00981,Business,2026-05-04,B002,Active,307989.07
A000986,C00806,Current,2023-03-31,B010,Closed,187182.46
A000987,C00922,Salary,2020-07-17,B001,Inactive,63841.98
A000988,C00474,Business,2026-07-27,B001,Active,28291.68
A000989,C00342,Savings,2025-06-08,B005,Closed,241252.48
A000990,C00886,Savings,2022-12-02,B002,Closed,292724.13
A000991,C00758,Savings,2020-11-27,B004,Closed,72931.8
A000992,C00140,Current,2021-01-30,B003,Inactive,314491.49
A000993,C00825,Business,2026-07-25,B010,Closed,101149.24
A000994,C00001,Current,2025-11-18,B010,Active,260391.46
A000995,C00210,Savings,2023-11-12,B008,Active,416530.5
A000996,C00401,Savings,2021-08-29,B002,Inactive,202874.11
A000997,C00840,Current,2024-07-28,B009,Inactive,411021.54
A000998,C00880,Savings,2021-09-17,B007,Active,318462.39
A000999,C00146,Current,2024-07-25,B003,Closed,371090.7
A001000,C00206,Business,2020-07-03,B008,Inactive,145435.07
A001001,C00983,Business,2025-07-07,B006,Closed,138315.49
A001002,C00715,Savings,2022-04-23,B008,Inactive,406933.31
A001003,C00029,Salary,2024-12-22,B008,Active,282540.33
A001004,C00595,Salary,2026-07-06,B001,Closed,325560.74
A001005,C00044,Salary,2021-08-26,B003,Inactive,441329.67
A001006,C00284,Savings,2021-06-30,B003,Inactive,250818.55
A001007,C00216,Salary,2020-12-28,B009,Inactive,257009.53
A001008,C00672,Current,2024-09-05,B006,Closed,359885.35
A001009,C00471,Current,2022-10-31,B005,Closed,152162.01
A001010,C00070,Business,2022-03-21,B007,Inactive,303315.06
A001011,C00590,Salary,2024-08-12,B003,Closed,162714.23
A001012,C00357,Business,2020-02-15,B002,Active,15731.4
A001013,C00238,Savings,2024-11-07,B002,Inactive,467182.72
A001014,C00332,Current,2021-04-17,B004,Active,449997.36
A001015,C00746,Business,2024-09-07,B007,Active,31901.4
A001016,C00118,Savings,2023-10-30,B002,Inactive,381912.62
A001017,C00946,Current,2026-04-22,B006,Active,349664.14
A001018,C00137,Current,2022-05-27,B004,Inactive,246060.41
A001019,C00231,Current,2023-06-06,B003,Inactive,407105.03
A001020,C00089,Savings,2024-06-24,B002,Active,17586.36
A001021,C00915,Savings,2025-01-22,B006,Inactive,284579.22
A001022,C00349,Current,2025-10-30,B009,Inactive,95878.31
A001023,C00585,Business,2024-04-23,B009,Inactive,178886.11
A001024,C00874,Current,2020-05-15,B002,Inactive,214328.36
A001025,C00895,Savings,2022-06-02,B010,Active,64469.0
A001026,C00306,Savings,2020-11-01,B002,Inactive,116056.18
A001027,C00554,Salary,2019-11-22,B001,Active,410842.57
A001028,C00945,Salary,2023-05-21,B007,Closed,179594.69
A001029,C00992,Salary,2024-11-12,B002,Closed,288102.58
A001030,C00955,Salary,2020-10-30,B007,Closed,29267.45
A001031,C00597,Business,2025-05-23,B005,Closed,15959.04
A001032,C00432,Salary,2022-11-05,B004,Inactive,444125.99
A001033,C00143,Current,2025-12-20,B009,Closed,165474.98
A001034,C00242,Business,2025-12-08,B002,Closed,452257.61
A001035,C00355,Savings,2026-03-29,B007,Closed,369905.41
A001036,C00909,Business,2025-09-24,B003,Inactive,361941.56
A001037,C00037,Business,2025-06-20,B009,Active,325518.15
A001038,C00490,Salary,2021-10-18,B004,Active,465692.02
A001039,C00793,Current,2026-05-05,B009,Closed,430286.94
A001040,C00566,Business,2026-06-07,B001,Inactive,383075.08
A001041,C00441,Business,2025-03-26,B009,Active,58676.02
A001042,C00919,Salary,2025-04-24,B006,Active,172219.69
A001043,C00244,Current,2025-12-26,B002,Closed,6014.78
A001044,C00766,Savings,2022-01-02,B001,Closed,125711.28
A001045,C00079,Savings,2025-12-31,B003,Inactive,91116.15
A001046,C00322,Salary,2026-02-22,B010,Closed,445321.93
A001047,C00133,Business,2023-05-11,B008,Closed,62065.8
A001048,C00079,Salary,2025-10-10,B009,Active,247969.7
A001049,C00920,Current,2022-08-19,B008,Closed,152056.74
A001050,C00799,Salary,2022-07-10,B004,Closed,446596.26
A001051,C00715,Savings,2023-01-22,B001,Inactive,450312.26
A001052,C00287,Savings,2021-03-08,B004,Active,420871.25
A001053,C00237,Salary,2020-10-17,B009,Active,62251.28
A001054,C00037,Current,2025-01-16,B008,Closed,382331.8
A001055,C00022,Business,2025-05-10,B001,Inactive,139705.7
A001056,C00308,Savings,2022-04-30,B001,Inactive,427432.54
A001057,C00508,Savings,2022-05-01,B007,Inactive,222565.85
A001058,C00211,Business,2024-02-13,B003,Closed,216111.4
A001059,C00677,Salary,2026-01-18,B001,Closed,381735.16
A001060,C00932,Salary,2026-05-06,B005,Closed,109055.53
A001061,C00350,Business,2026-04-30,B007,Closed,464354.67
A001062,C00827,Savings,2025-12-30,B009,Inactive,476284.32
A001063,C00880,Business,2023-05-31,B007,Closed,359890.88
A001064,C00267,Current,2020-10-25,B007,Inactive,373071.3
A001065,C00136,Savings,2023-12-19,B005,Closed,475532.65
A001066,C00256,Salary,2025-09-04,B006,Closed,197906.0
A001067,C00371,Salary,2023-07-24,B005,Closed,405319.49
A001068,C00128,Salary,2026-07-01,B010,Closed,161173.71
A001069,C00868,Current,2023-09-02,B008,Inactive,9616.08
A001070,C00478,Savings,2026-07-15,B006,Inactive,319233.81
A001071,C00224,Business,2020-05-24,B001,Closed,469478.29
A001072,C00919,Salary,2023-07-15,B002,Inactive,90722.15
A001073,C00266,Business,2023-07-16,B003,Active,315538.75
A001074,C00893,Savings,2024-12-27,B004,Active,327645.81
A001075,C00701,Business,2024-07-27,B010,Inactive,21935.84
A001076,C00063,Salary,2024-01-30,B005,Active,339515.52
A001077,C00554,Savings,2022-09-03,B010,Active,175515.1
A001078,C00520,Business,2025-10-07,B002,Closed,39647.66
A001079,C00334,Salary,2024-05-07,B007,Active,321301.63
A001080,C00147,Savings,2023-06-18,B006,Closed,394294.07
A001081,C00999,Business,2022-11-17,B006,Inactive,471297.3
A001082,C00637,Savings,2023-05-04,B003,Inactive,23260.68
A001083,C00934,Savings,2024-12-14,B002,Closed,106528.34
A001084,C00524,Salary,2023-02-15,B004,Inactive,415532.66
A001085,C00673,Current,2026-04-09,B007,Closed,40144.04
A001086,C00982,Current,2025-10-08,B010,Closed,498908.67
A001087,C00752,Business,2020-06-27,B009,Closed,61499.94
A001088,C00818,Savings,2020-09-19,B010,Inactive,329939.68
A001089,C00452,Salary,2020-10-19,B005,Active,418168.46
A001090,C00933,Current,2023-05-08,B006,Active,399703.97
A001091,C00237,Business,2022-07-30,B006,Closed,486226.03
A001092,C00456,Business,2023-12-07,B006,Active,176640.32
A001093,C00079,Salary,2020-12-18,B008,Closed,115944.57
A001094,C00236,Current,2021-12-09,B009,Active,388447.69
A001095,C00691,Current,2022-01-24,B010,Inactive,398132.12
A001096,C00322,Savings,2022-10-21,B002,Inactive,211090.27
A001097,C00590,Business,2024-12-21,B004,Active,438326.44
A001098,C00171,Savings,2026-06-18,B007,Inactive,382989.27
A001099,C00761,Savings,2021-05-14,B003,Active,417095.42
A001100,C00707,Current,2026-05-14,B002,Active,257933.65
A001101,C00941,Business,2020-09-12,B007,Inactive,64599.04
A001102,C00248,Salary,2020-05-22,B002,Inactive,448815.73
A001103,C00606,Savings,2022-11-11,B001,Active,369635.46
A001104,C00973,Business,2022-08-28,B007,Closed,225427.1
A001105,C00297,Business,2021-10-01,B003,Closed,92541.94
A001106,C00939,Savings,2020-01-10,B003,Active,297183.09
A001107,C00691,Business,2022-06-27,B007,Inactive,219854.93
A001108,C00740,Salary,2020-12-06,B002,Active,149376.92
A001109,C00050,Business,2022-10-23,B005,Inactive,192649.81
A001110,C00977,Current,2024-08-20,B001,Closed,441309.7
A001111,C00441,Salary,2024-04-10,B010,Closed,157869.33
A001112,C00292,Current,2022-09-28,B002,Inactive,137650.4
A001113,C00230,Current,2021-09-18,B005,Inactive,494413.98
A001114,C00947,Current,2025-06-12,B005,Active,48892.03
A001115,C00859,Current,2020-06-11,B001,Closed,451368.11
A001116,C00551,Current,2020-07-31,B001,Inactive,416419.74
A001117,C00379,Current,2026-05-07,B005,Closed,213824.78
A001118,C00534,Current,2021-08-24,B008,Inactive,459079.6
A001119,C00456,Business,2025-04-16,B008,Inactive,44345.05
A001120,C00286,Savings,2025-02-06,B006,Active,372394.49
A001121,C00745,Savings,2024-02-21,B006,Active,254023.03
A001122,C00465,Savings,2023-07-17,B006,Active,217255.43
A001123,C00326,Current,2020-10-15,B009,Closed,418979.88
A001124,C00972,Savings,2026-03-28,B004,Active,293585.34
A001125,C00690,Current,2024-03-02,B005,Inactive,76565.12
A001126,C00752,Business,2024-07-15,B005,Active,100087.91
A001127,C00974,Current,2025-08-22,B001,Inactive,34563.37
A001128,C00626,Current,2020-05-19,B003,Active,209661.51
A001129,C00629,Business,2023-09-08,B010,Active,319219.6
A001130,C00544,Current,2021-03-16,B005,Active,437644.5
A001131,C00502,Business,2021-03-13,B010,Inactive,272163.24
A001132,C00099,Current,2023-04-28,B002,Inactive,210377.42
A001133,C00334,Current,2021-08-15,B007,Active,88921.03
A001134,C00677,Savings,2023-01-22,B006,Closed,199646.57
A001135,C00793,Business,2025-03-14,B008,Closed,206589.46
A001136,C00030,Salary,2024-01-02,B005,Closed,108337.98
A001137,C00063,Salary,2022-01-18,B005,Closed,159491.56
A001138,C00829,Business,2022-03-31,B007,Inactive,131088.99
A001139,C00275,Business,2026-01-09,B004,Inactive,318496.83
A001140,C00316,Business,2026-02-15,B007,Active,286680.34
A001141,C00549,Current,2024-10-07,B002,Closed,305764.95
A001142,C00620,Savings,2025-03-09,B001,Inactive,46036.1
A001143,C00935,Salary,2022-11-24,B009,Active,327810.86
A001144,C00216,Salary,2020-10-26,B009,Active,492623.43
A001145,C00406,Current,2020-08-17,B005,Active,455416.24
A001146,C00424,Current,2022-12-02,B009,Closed,125103.17
A001147,C00037,Savings,2026-06-26,B009,Active,251248.16
A001148,C00044,Current,2021-03-13,B005,Inactive,13097.94
A001149,C00035,Salary,2023-11-12,B002,Inactive,327982.7
A001150,C00838,Salary,2025-03-01,B002,Active,37871.23
A001151,C00021,Savings,2021-12-23,B009,Closed,459568.31
A001152,C00754,Business,2025-07-25,B004,Closed,429792.23
A001153,C00436,Savings,2023-01-03,B005,Inactive,229993.91
A001154,C00271,Business,2025-07-08,B007,Inactive,215337.75
A001155,C00991,Business,2024-02-22,B009,Inactive,242191.41
A001156,C00519,Current,2020-08-27,B007,Active,496583.82
A001157,C00975,Salary,2022-03-22,B009,Closed,55043.84
A001158,C00592,Savings,2024-02-15,B007,Active,224095.56
A001159,C00577,Savings,2021-04-16,B005,Inactive,72741.86
A001160,C00098,Current,2025-09-12,B004,Inactive,297111.36
A001161,C00145,Business,2025-09-11,B010,Inactive,262179.43
A001162,C00779,Current,2020-04-13,B001,Inactive,126759.9
A001163,C00759,Salary,2023-02-22,B003,Active,161400.05
A001164,C00614,Business,2020-04-18,B001,Inactive,345508.27
A001165,C00814,Business,2020-04-30,B009,Inactive,157195.07
A001166,C00330,Business,2023-12-29,B008,Closed,277848.82
A001167,C00944,Savings,2025-09-21,B007,Closed,39674.72
A001168,C00776,Savings,2025-03-17,B003,Closed,374326.23
A001169,C00203,Business,2024-10-09,B002,Active,442865.91
A001170,C00175,Business,2021-01-30,B003,Closed,437233.31
A001171,C00409,Savings,2021-12-12,B005,Active,218304.22
A001172,C00738,Salary,2023-05-03,B009,Inactive,307935.14
A001173,C00578,Current,2022-06-20,B003,Inactive,262102.37
A001174,C00823,Salary,2024-05-05,B009,Closed,126368.44
A001175,C00216,Salary,2021-06-12,B003,Active,262664.85
A001176,C00011,Salary,2021-04-28,B007,Active,76024.19
A001177,C00006,Salary,2025-11-19,B004,Active,347328.54
A001178,C00470,Salary,2020-08-09,B002,Active,312861.41
A001179,C00161,Savings,2019-12-21,B006,Closed,280018.89
A001180,C00354,Savings,2024-02-07,B004,Inactive,142809.6
A001181,C00599,Salary,2021-11-09,B006,Closed,383727.43
A001182,C00575,Current,2023-10-12,B002,Closed,77058.48
A001183,C00287,Current,2024-03-17,B005,Closed,52058.74
A001184,C00602,Business,2020-10-11,B006,Closed,386217.36
A001185,C00620,Salary,2019-12-30,B010,Closed,454705.64
A001186,C00173,Savings,2024-04-15,B004,Active,46577.8
A001187,C00147,Current,2024-12-28,B008,Active,162345.6
A001188,C00141,Business,2026-01-19,B007,Closed,236372.85
A001189,C00513,Savings,2023-03-30,B004,Closed,197230.08
A001190,C00724,Business,2022-04-24,B006,Inactive,419486.06
A001191,C00544,Savings,2023-01-30,B010,Active,477724.7
A001192,C00729,Current,2023-07-10,B007,Closed,221381.76
A001193,C00702,Savings,2023-10-29,B009,Inactive,326393.97
A001194,C00026,Salary,2024-08-21,B008,Closed,173649.79
A001195,C00219,Current,2021-11-17,B007,Inactive,90323.79
A001196,C00201,Business,2026-07-08,B006,Closed,98249.41
A001197,C00318,Salary,2020-01-23,B002,Inactive,457987.74
A001198,C00944,Savings,2020-12-30,B010,Inactive,17730.57
A001199,C00658,Business,2023-07-21,B007,Active,497873.19
A001200,C00281,Savings,2023-10-19,B010,Active,431729.48
A001201,C00623,Business,2021-05-10,B008,Active,237250.76
A001202,C00827,Savings,2020-07-08,B001,Inactive,15389.65
A001203,C00723,Current,2024-12-01,B003,Active,210366.72
A001204,C00058,Business,2025-04-18,B001,Inactive,49640.25
A001205,C00285,Current,2020-07-14,B010,Closed,9320.55
A001206,C00920,Current,2023-02-01,B010,Closed,472206.19
A001207,C00015,Business,2020-11-05,B007,Closed,335150.95
A001208,C00198,Current,2025-11-27,B005,Active,87120.03
A001209,C00283,Current,2026-02-19,B009,Inactive,87311.14
A001210,C00319,Salary,2026-08-07,B009,Inactive,59739.57
A001211,C00582,Savings,2021-05-29,B010,Inactive,44992.81
A001212,C00187,Savings,2025-08-15,B003,Inactive,295983.12
A001213,C00786,Current,2026-05-30,B001,Active,319334.86
A001214,C00084,Current,2021-06-22,B005,Closed,321516.38
A001215,C00766,Current,2024-06-29,B005,Active,190275.92
A001216,C00183,Salary,2023-06-02,B003,Closed,158454.95
A001217,C00856,Current,2024-02-07,B005,Active,89378.93
A001218,C00266,Business,2023-04-30,B005,Active,245452.94
A001219,C00373,Salary,2020-02-23,B009,Inactive,414920.54
A001220,C00038,Business,2024-09-21,B003,Closed,284786.94
A001221,C00356,Salary,2021-10-08,B004,Inactive,350127.26
A001222,C00565,Salary,2020-12-26,B002,Closed,386931.09
A001223,C00224,Business,2023-09-28,B005,Active,461037.77
A001224,C00675,Current,2020-11-02,B008,Active,234156.19
A001225,C00382,Business,2023-01-06,B010,Active,161863.65
A001226,C00645,Salary,2025-06-18,B001,Active,211282.47
A001227,C00345,Savings,2022-11-19,B003,Inactive,153831.54
A001228,C00560,Current,2021-05-26,B001,Inactive,404801.44
A001229,C00608,Business,2021-07-08,B007,Inactive,417214.11
A001230,C00741,Salary,2023-10-21,B010,Inactive,241796.24
A001231,C00308,Savings,2022-02-19,B004,Closed,54819.8
A001232,C00793,Salary,2021-11-10,B010,Inactive,296944.95
A001233,C00525,Current,2024-10-18,B005,Closed,482652.57
A001234,C00204,Current,2020-10-04,B003,Closed,167240.41
A001235,C00994,Savings,2026-01-12,B005,Active,400943.32
A001236,C00406,Current,2021-06-29,B008,Active,329645.69
A001237,C00905,Current,2024-05-22,B005,Inactive,41107.26
A001238,C00879,Current,2023-12-27,B007,Active,362343.06
A001239,C00702,Salary,2024-11-27,B001,Inactive,80505.57
A001240,C00483,Business,2025-07-07,B004,Inactive,334549.99
A001241,C00724,Current,2021-06-09,B002,Inactive,65122.69
A001242,C00410,Salary,2025-02-20,B005,Closed,365455.68
A001243,C00612,Business,2021-11-15,B009,Active,174086.73
A001244,C00028,Current,2020-01-22,B010,Active,384154.12
A001245,C00371,Salary,2022-07-01,B009,Active,305672.7
A001246,C00937,Savings,2022-03-04,B004,Active,250474.89
A001247,C00217,Salary,2026-02-20,B007,Active,170453.74
A001248,C00436,Current,2024-08-14,B005,Inactive,194020.94
A001249,C00036,Salary,2021-03-31,B007,Active,82607.9
A001250,C00855,Savings,2020-10-31,B008,Active,173797.15
A001251,C00672,Business,2025-07-01,B001,Active,160193.86
A001252,C00520,Business,2020-03-11,B008,Active,243583.55
A001253,C00433,Savings,2022-02-17,B005,Inactive,130065.88
A001254,C00619,Business,2025-05-03,B009,Inactive,390720.76
A001255,C00865,Salary,2022-11-17,B002,Active,490386.52
A001256,C00778,Business,2020-09-03,B002,Active,4471.41
A001257,C00265,Current,2020-01-07,B009,Closed,364086.75
A001258,C00446,Savings,2021-07-14,B008,Inactive,20882.38
A001259,C00472,Salary,2021-02-22,B001,Closed,343507.43
A001260,C00436,Salary,2023-10-22,B005,Active,271831.5
A001261,C00301,Salary,2024-08-18,B007,Active,223938.3
A001262,C00652,Savings,2023-04-19,B010,Active,179265.0
A001263,C00545,Business,2026-03-24,B004,Active,42939.38
A001264,C00130,Current,2025-07-29,B008,Inactive,446465.62
A001265,C00996,Business,2022-10-06,B010,Active,459468.79
A001266,C00583,Business,2020-10-06,B001,Active,163967.65
A001267,C00151,Savings,2026-03-17,B007,Closed,490152.98
A001268,C00346,Salary,2025-10-02,B007,Inactive,12169.35
A001269,C00739,Savings,2023-10-03,B007,Active,397028.75
A001270,C00268,Salary,2020-03-26,B010,Closed,270039.66
A001271,C00711,Savings,2023-11-26,B006,Closed,236986.28
A001272,C00282,Current,2021-09-26,B005,Closed,336048.38
A001273,C00932,Current,2022-03-02,B005,Inactive,3520.47
A001274,C00020,Business,2024-04-24,B003,Inactive,134259.59
A001275,C00810,Salary,2019-12-02,B002,Active,113187.56
A001276,C00227,Savings,2022-12-30,B010,Inactive,364353.82
A001277,C00603,Business,2021-06-21,B010,Inactive,271187.5
A001278,C00953,Savings,2021-04-20,B006,Inactive,160501.76
A001279,C00156,Business,2021-08-26,B008,Active,266587.94
A001280,C00690,Business,2024-09-23,B005,Inactive,17100.99
A001281,C00991,Savings,2020-03-24,B008,Closed,492488.65
A001282,C00213,Salary,2025-09-14,B005,Inactive,375677.9
A001283,C00691,Business,2021-07-28,B001,Active,312806.49
A001284,C00640,Salary,2024-10-07,B010,Inactive,208281.1
A001285,C00770,Salary,2026-05-17,B009,Closed,245887.68
A001286,C00385,Current,2024-01-02,B007,Closed,474460.73
A001287,C00100,Business,2025-04-02,B004,Active,496073.32
A001288,C00297,Current,2020-03-27,B003,Closed,489469.35
A001289,C00419,Salary,2020-06-19,B004,Inactive,450328.99
A001290,C00328,Salary,2023-07-05,B002,Closed,442494.18
A001291,C00515,Business,2023-01-27,B004,Inactive,247921.77
A001292,C00294,Business,2021-06-07,B003,Active,200627.13
A001293,C00546,Salary,2026-08-07,B008,Closed,86963.06
A001294,C00393,Business,2025-07-14,B007,Inactive,95248.6
A001295,C00634,Current,2026-04-24,B003,Closed,310340.23
A001296,C00614,Business,2025-09-25,B001,Inactive,305296.44
A001297,C00583,Business,2024-10-08,B002,Inactive,12337.04
A001298,C00905,Business,2019-11-22,B009,Closed,431855.7
A001299,C00469,Salary,2024-10-28,B004,Active,236612.28
A001300,C00331,Current,2024-05-24,B005,Active,447328.38
A001301,C00592,Business,2024-04-25,B008,Active,342151.87
A001302,C00248,Current,2021-08-29,B008,Closed,321048.25
A001303,C00894,Current,2022-12-03,B004,Inactive,361301.09
A001304,C00008,Savings,2025-11-07,B007,Closed,497771.74
A001305,C00073,Business,2022-04-25,B005,Closed,269133.38
A001306,C00732,Savings,2020-08-24,B008,Inactive,414049.16
A001307,C00300,Business,2025-12-19,B001,Inactive,200315.29
A001308,C00645,Business,2020-11-24,B007,Active,52707.88
A001309,C00777,Savings,2023-09-10,B003,Inactive,207033.63
A001310,C00146,Current,2022-10-29,B008,Active,132989.34
A001311,C00658,Savings,2022-12-08,B008,Closed,246296.89
A001312,C00776,Salary,2023-11-22,B006,Inactive,344907.86
A001313,C00807,Business,2022-12-05,B005,Closed,138374.19
A001314,C00780,Current,2026-03-27,B003,Closed,144926.78
A001315,C00902,Salary,2024-02-27,B010,Inactive,357187.76
A001316,C00968,Current,2023-03-13,B010,Closed,153065.94
A001317,C00690,Salary,2021-09-14,B003,Closed,402794.13
A001318,C00151,Salary,2025-03-12,B007,Inactive,318744.4
A001319,C00872,Current,2026-04-28,B010,Inactive,75033.32
A001320,C00266,Salary,2026-07-02,B009,Closed,435246.05
A001321,C00416,Business,2020-11-03,B010,Active,486229.25
A001322,C00602,Salary,2024-11-20,B009,Inactive,189611.39
A001323,C00664,Current,2021-03-12,B009,Inactive,88518.29
A001324,C00015,Savings,2022-05-18,B006,Active,155344.83
A001325,C00154,Salary,2024-02-14,B010,Closed,394847.85
A001326,C00366,Business,2024-06-05,B008,Closed,456438.55
A001327,C00861,Current,2026-07-02,B004,Inactive,332457.8
A001328,C00642,Savings,2022-03-02,B006,Closed,34531.67
A001329,C00985,Savings,2020-06-06,B001,Inactive,283784.38
A001330,C00251,Salary,2023-11-09,B003,Closed,468230.39
A001331,C00234,Business,2023-11-21,B003,Active,489709.37
A001332,C00566,Salary,2023-08-28,B002,Closed,95817.07
A001333,C00928,Current,2025-12-03,B009,Inactive,31371.69
A001334,C00250,Business,2024-01-31,B008,Active,268929.89
A001335,C00327,Savings,2026-01-23,B004,Inactive,59086.79
A001336,C00488,Current,2025-09-13,B002,Closed,295098.56
A001337,C00499,Salary,2019-12-05,B010,Active,291275.06
A001338,C00738,Business,2025-05-21,B004,Closed,403077.17
A001339,C00001,Salary,2021-07-09,B007,Closed,136100.86
A001340,C00337,Business,2024-08-27,B009,Inactive,475766.41
A001341,C00271,Current,2023-04-11,B006,Inactive,339243.43
A001342,C00317,Business,2020-12-29,B002,Active,244302.64
A001343,C00915,Business,2023-01-21,B008,Active,90218.79
A001344,C00690,Salary,2021-10-16,B002,Inactive,171873.43
A001345,C00843,Current,2020-08-05,B004,Active,381663.47
A001346,C00315,Salary,2024-03-30,B006,Closed,236465.94
A001347,C00950,Current,2023-04-09,B010,Closed,78144.23
A001348,C00197,Business,2024-11-18,B003,Active,305451.49
A001349,C00334,Business,2024-11-15,B010,Inactive,390097.7
A001350,C00235,Salary,2023-08-13,B008,Inactive,186024.77
A001351,C00342,Salary,2023-03-15,B006,Inactive,154700.43
A001352,C00403,Business,2020-04-26,B001,Inactive,28598.41
A001353,C00363,Current,2022-01-19,B008,Inactive,10720.33
A001354,C00214,Salary,2024-05-14,B005,Inactive,12815.82
A001355,C00810,Business,2021-11-03,B006,Closed,280426.16
A001356,C00817,Current,2024-05-26,B010,Closed,220611.47
A001357,C00110,Savings,2023-07-25,B004,Active,163416.04
A001358,C00965,Business,2021-04-04,B001,Closed,195641.44
A001359,C00256,Salary,2021-03-05,B010,Closed,188134.46
A001360,C00058,Salary,2025-07-01,B005,Closed,185354.97
A001361,C00114,Business,2023-06-13,B003,Closed,37920.39
A001362,C00845,Current,2021-12-30,B003,Closed,150128.96
A001363,C00576,Savings,2024-05-23,B008,Active,164593.21
A001364,C00782,Salary,2020-07-04,B009,Closed,408837.69
A001365,C00144,Savings,2026-05-23,B006,Inactive,452646.64
A001366,C00766,Current,2021-08-20,B003,Inactive,234694.87
A001367,C00371,Salary,2021-06-20,B004,Closed,485747.89
A001368,C00262,Savings,2023-09-25,B003,Active,321477.88
A001369,C00406,Business,2021-11-04,B001,Closed,31082.89
A001370,C00383,Savings,2020-11-21,B010,Inactive,497831.58
A001371,C00895,Salary,2020-12-24,B009,Inactive,142040.56
A001372,C00650,Savings,2022-11-22,B002,Closed,46979.62
A001373,C00800,Savings,2020-05-17,B009,Active,399496.9
A001374,C00588,Business,2025-08-26,B010,Closed,496481.91
A001375,C00786,Business,2025-10-25,B005,Inactive,226193.01
A001376,C00667,Salary,2024-12-05,B002,Active,324272.09
A001377,C00465,Business,2022-10-29,B001,Inactive,287794.18
A001378,C00639,Business,2026-07-25,B001,Active,113389.74
A001379,C00155,Salary,2021-11-05,B004,Closed,337594.62
A001380,C00546,Business,2022-12-22,B004,Closed,462752.92
A001381,C00157,Current,2020-03-02,B003,Active,154932.35
A001382,C00027,Savings,2025-07-03,B003,Closed,174911.28
A001383,C00336,Salary,2025-11-10,B004,Closed,105194.82
A001384,C00168,Business,2023-03-29,B005,Active,468214.83
A001385,C00791,Salary,2024-03-14,B001,Active,438941.16
A001386,C00127,Business,2021-09-15,B001,Inactive,433898.86
A001387,C00390,Savings,2024-04-18,B008,Inactive,200189.92
A001388,C00790,Business,2024-04-30,B010,Active,47333.06
A001389,C00519,Savings,2024-09-02,B003,Active,61058.8
A001390,C00759,Salary,2021-02-24,B006,Inactive,96299.59
A001391,C00819,Salary,2025-08-14,B008,Inactive,254858.89
A001392,C00017,Savings,2021-07-06,B007,Inactive,200753.87
A001393,C00364,Salary,2025-07-07,B005,Active,217640.29
A001394,C00235,Savings,2023-04-07,B007,Inactive,8909.16
A001395,C00748,Salary,2023-07-22,B001,Active,423859.99
A001396,C00579,Savings,2024-08-24,B003,Closed,78723.4
A001397,C00781,Savings,2021-05-14,B001,Closed,401387.76
A001398,C00381,Business,2023-05-08,B003,Inactive,87037.57
A001399,C00989,Current,2020-10-26,B003,Inactive,439659.63
A001400,C00806,Current,2025-05-29,B001,Inactive,102834.37
A001401,C00641,Salary,2022-02-09,B005,Closed,161215.29
A001402,C00340,Savings,2026-05-07,B008,Active,367740.47
A001403,C00936,Business,2025-01-06,B001,Closed,189141.35
A001404,C00740,Current,2019-12-04,B003,Active,8454.29
A001405,C00095,Business,2024-02-20,B002,Active,484396.47
A001406,C00426,Business,2021-06-05,B003,Closed,404903.14
A001407,C00319,Business,2026-08-18,B008,Inactive,64971.11
A001408,C00375,Savings,2020-07-31,B008,Inactive,374610.74
A001409,C00201,Current,2020-03-25,B004,Closed,65774.0
A001410,C00231,Savings,2025-01-13,B002,Closed,202515.43
A001411,C00256,Current,2025-06-15,B005,Active,365285.11
A001412,C00337,Business,2023-04-05,B010,Closed,258935.27
A001413,C00779,Current,2023-08-24,B006,Inactive,188010.58
A001414,C00594,Savings,2025-01-03,B007,Closed,24961.2
A001415,C00187,Savings,2024-06-01,B003,Closed,18022.91
A001416,C00166,Business,2023-12-20,B006,Active,286471.28
A001417,C00879,Salary,2021-03-18,B004,Closed,434893.39
A001418,C00416,Business,2020-02-29,B004,Inactive,311034.97
A001419,C00451,Savings,2020-07-07,B005,Closed,384487.02
A001420,C00346,Current,2022-11-08,B005,Inactive,403687.26
A001421,C00791,Business,2021-03-03,B002,Closed,428250.98
A001422,C00270,Savings,2020-10-24,B006,Inactive,321504.05
A001423,C00130,Savings,2020-07-17,B004,Inactive,415208.9
A001424,C00564,Salary,2025-04-15,B003,Inactive,154208.17
A001425,C00567,Savings,2021-09-29,B009,Active,199381.49
A001426,C00200,Current,2020-11-27,B004,Active,100139.88
A001427,C00539,Current,2022-09-01,B010,Closed,262997.57
A001428,C00372,Current,2020-08-28,B009,Active,187861.59
A001429,C00697,Current,2025-07-06,B010,Active,421776.16
A001430,C00554,Business,2024-12-06,B004,Inactive,25407.18
A001431,C00304,Business,2022-02-21,B009,Inactive,446978.5
A001432,C00330,Current,2021-05-22,B005,Active,38360.37
A001433,C00685,Salary,2020-05-27,B004,Closed,306945.52
A001434,C00061,Business,2025-11-20,B003,Active,240985.13
A001435,C00783,Current,2024-11-02,B007,Active,323396.23
A001436,C00606,Current,2022-04-02,B004,Inactive,36195.29
A001437,C00144,Business,2023-07-16,B002,Closed,370087.84
A001438,C00211,Business,2024-12-07,B003,Closed,138459.68
A001439,C00012,Savings,2022-12-18,B009,Inactive,262596.24
A001440,C00483,Current,2019-12-04,B008,Inactive,411297.94
A001441,C00761,Business,2020-07-26,B003,Active,440233.21
A001442,C00897,Salary,2022-10-22,B001,Inactive,419150.75
A001443,C00116,Business,2023-10-09,B007,Closed,85059.55
A001444,C00777,Salary,2021-03-04,B004,Closed,52422.03
A001445,C00886,Salary,2019-12-02,B004,Closed,247771.37
A001446,C00432,Savings,2021-10-14,B002,Inactive,421320.17
A001447,C00927,Salary,2023-07-18,B009,Inactive,210403.03
A001448,C00366,Savings,2023-10-26,B001,Active,356834.71
A001449,C00249,Business,2021-03-11,B004,Closed,217449.75
A001450,C00107,Business,2023-08-28,B009,Closed,418868.6
A001451,C00622,Business,2022-06-03,B001,Closed,54791.04
A001452,C00590,Savings,2025-07-13,B002,Active,180989.71
A001453,C00835,Business,2021-11-27,B001,Inactive,323897.15
A001454,C00873,Business,2021-09-12,B010,Closed,19600.84
A001455,C00833,Business,2022-03-01,B001,Active,283898.07
A001456,C00646,Salary,2026-05-14,B002,Inactive,460414.18
A001457,C00747,Business,2026-04-26,B005,Inactive,409365.85
A001458,C00361,Current,2022-10-11,B005,Inactive,392071.19
A001459,C00470,Salary,2022-12-30,B003,Active,279680.4
A001460,C00664,Salary,2020-07-01,B007,Inactive,390703.14
A001461,C00865,Business,2024-09-15,B002,Inactive,176550.55
A001462,C00758,Current,2020-08-07,B006,Inactive,51547.79
A001463,C00655,Business,2025-08-15,B006,Closed,249099.15
A001464,C00775,Business,2024-07-19,B004,Inactive,428132.02
A001465,C00360,Salary,2021-03-11,B008,Inactive,377630.65
A001466,C00331,Savings,2024-09-29,B002,Active,291341.57
A001467,C00718,Salary,2020-12-16,B009,Closed,89776.14
A001468,C00204,Savings,2025-10-13,B002,Closed,299386.72
A001469,C00873,Salary,2022-02-05,B003,Closed,170741.81
A001470,C00407,Current,2022-09-01,B007,Active,422659.74
A001471,C00629,Savings,2023-05-05,B006,Active,221825.49
A001472,C00252,Current,2026-03-06,B005,Active,247751.97
A001473,C00252,Current,2024-03-07,B008,Closed,405951.14
A001474,C00013,Salary,2025-01-02,B004,Active,428908.14
A001475,C00859,Business,2021-03-20,B007,Closed,276061.85
A001476,C00197,Business,2020-04-07,B003,Closed,290866.91
A001477,C00910,Business,2020-03-07,B005,Closed,398601.87
A001478,C00823,Salary,2022-07-22,B007,Inactive,182892.75
A001479,C00328,Salary,2024-01-02,B002,Closed,68111.91
A001480,C00815,Current,2023-11-13,B002,Closed,354468.61
A001481,C00322,Savings,2020-08-19,B010,Active,360333.02
A001482,C00841,Current,2020-06-03,B008,Inactive,287555.32
A001483,C00472,Business,2026-01-15,B008,Closed,218655.94
A001484,C00023,Business,2024-09-18,B009,Closed,29715.34
A001485,C00489,Current,2022-09-27,B002,Closed,177851.72
A001486,C00584,Salary,2023-07-17,B001,Closed,299271.52
A001487,C00722,Current,2021-10-21,B007,Active,331238.61
A001488,C00552,Salary,2023-02-28,B006,Active,285358.83
A001489,C00969,Business,2020-12-09,B003,Closed,490109.1
A001490,C00323,Savings,2020-01-21,B010,Active,356344.74
A001491,C00602,Savings,2022-08-14,B002,Closed,32750.74
A001492,C00748,Current,2021-12-30,B004,Active,489911.19
A001493,C00856,Current,2024-08-16,B001,Closed,464484.26
A001494,C00340,Savings,2025-04-18,B002,Inactive,287427.44
A001495,C00825,Business,2022-04-17,B007,Closed,237729.37
A001496,C00188,Savings,2022-10-14,B005,Inactive,89528.06
A001497,C00901,Salary,2021-10-23,B008,Active,93098.62
A001498,C00206,Current,2022-02-18,B006,Closed,316870.66
A001499,C00463,Savings,2022-10-29,B009,Inactive,11179.98
A001500,C00571,Savings,2025-12-14,B006,Active,85088.04
