customer_id,customer_name,date_of_birth,gender,city,country,customer_type,email,registration_date
C00001,Ravi Menon,1983-10-06,Male,Kochi,India,Standard,ravi.menon1@example.com,2023-07-21
C00002,Divya Menon,1967-11-18,Male,Kolkata,India,Standard,divya.menon2@example.com,2025-08-29
C00003,Rahul Kumar,2003-05-09,Other,Chennai,India,Standard,rahul.kumar3@example.com,2020-12-20
C00004,Divya Singh,1985-12-15,Female,Kolkata,India,Corporate,divya.singh4@example.com,2021-12-06
C00005,Neha Nair,1975-03-17,Female,Bangalore,India,Standard,neha.nair5@example.com,2021-11-23
C00006,Priya Reddy,1971-08-25,Male,Trivandrum,India,Premium,priya.reddy6@example.com,2025-08-06
C00007,Lakshmi Reddy,2001-11-01,Other,Ahmedabad,India,Premium,lakshmi.reddy7@example.com,2023-09-02
C00008,Kiran Menon,1979-06-07,Other,Pune,India,Corporate,kiran.menon8@example.com,2025-10-02
C00009,Nikhil Reddy,1999-06-29,Male,Ahmedabad,India,Corporate,nikhil.reddy9@example.com,2024-06-24
C00010,Priya Patel,1996-09-02,Female,Trivandrum,India,Premium,priya.patel10@example.com,2024-01-10
C00011,Sneha Singh,1972-07-09,Female,Mumbai,India,Standard,sneha.singh11@example.com,2024-10-23
C00012,Ravi Patel,1957-10-24,Other,Trivandrum,India,Standard,ravi.patel12@example.com,2024-09-19
C00013,Anjali Das,1986-01-11,Other,Pune,India,Premium,anjali.das13@example.com,2023-08-11
C00014,Lakshmi Nair,1977-06-07,Female,Chennai,India,Premium,lakshmi.nair14@example.com,2026-04-11
C00015,Rahul Kumar,1986-08-28,Other,Ahmedabad,India,Premium,rahul.kumar15@example.com,2023-02-09
C00016,Amit Singh,1981-12-20,Male,Delhi,India,Standard,amit.singh16@example.com,2025-01-12
C00017,Divya Thomas,1967-04-19,Other,Kolkata,India,Premium,divya.thomas17@example.com,2023-09-09
C00018,Vivek Kumar,1961-06-16,Male,Bangalore,India,Standard,vivek.kumar18@example.com,2020-12-02
C00019,Lakshmi Menon,1967-11-10,Other,Bangalore,India,Standard,lakshmi.menon19@example.com,2024-11-03
C00020,Amit Iyer,1958-04-06,Female,Ahmedabad,India,Corporate,amit.iyer20@example.com,2021-05-21
C00021,Lakshmi Nair,1981-10-17,Other,Trivandrum,India,Premium,lakshmi.nair21@example.com,2020-08-12
C00022,Rahul Patel,1965-01-10,Male,Pune,India,Corporate,rahul.patel22@example.com,2024-11-11
C00023,Nikhil Verma,1989-09-14,Other,Hyderabad,India,Standard,nikhil.verma23@example.com,2021-01-08
C00024,Lakshmi Singh,1987-11-21,Male,Hyderabad,India,Premium,lakshmi.singh24@example.com,2020-12-10
C00025,Suresh Sharma,2005-09-06,Other,Kolkata,India,Premium,suresh.sharma25@example.com,2020-09-08
C00026,Sneha Nair,1978-02-22,Male,Trivandrum,India,Standard,sneha.nair26@example.com,2022-07-26
C00027,Priya Joseph,1962-02-18,Male,Trivandrum,India,Corporate,priya.joseph27@example.com,2025-09-04
C00028,Suresh Sharma,1990-12-02,Female,Bangalore,India,Corporate,suresh.sharma28@example.com,2021-04-22
C00029,Lakshmi Joseph,1957-05-08,Other,Pune,India,Corporate,lakshmi.joseph29@example.com,2024-04-05
C00030,Priya Verma,1972-03-25,Female,Hyderabad,India,Corporate,priya.verma30@example.com,2022-02-28
C00031,Sneha Menon,1999-12-27,Female,Chennai,India,Standard,sneha.menon31@example.com,2024-02-12
C00032,Meera Thomas,1985-12-22,Male,Chennai,India,Standard,meera.thomas32@example.com,2020-01-14
C00033,Divya Singh,1999-09-08,Male,Kochi,India,Premium,divya.singh33@example.com,2024-01-26
C00034,Rahul Thomas,1962-03-08,Male,Chennai,India,Corporate,rahul.thomas34@example.com,2023-07-07
C00035,Anjali Verma,1963-04-30,Male,Ahmedabad,India,Premium,anjali.verma35@example.com,2020-03-04
C00036,Suresh Iyer,1997-01-13,Other,Chennai,India,Premium,suresh.iyer36@example.com,2025-07-30
C00037,Vivek Iyer,2000-11-14,Other,Pune,India,Corporate,vivek.iyer37@example.com,2021-05-26
C00038,Ravi Menon,1975-04-17,Male,Kochi,India,Standard,ravi.menon38@example.com,2022-02-13
C00039,Priya Kumar,1993-02-26,Female,Kolkata,India,Standard,priya.kumar39@example.com,2021-08-09
C00040,Neha Das,1965-12-23,Other,Chennai,India,Standard,neha.das40@example.com,2025-10-16
C00041,Arun Singh,1997-05-13,Male,Kolkata,India,Standard,arun.singh41@example.com,2026-06-21
C00042,Amit Das,1969-10-02,Male,Delhi,India,Standard,amit.das42@example.com,2024-03-28
C00043,Amit Nair,1964-11-29,Female,Pune,India,Premium,amit.nair43@example.com,2023-08-30
C00044,Divya Verma,1991-11-05,Male,Kolkata,India,Premium,divya.verma44@example.com,2021-03-06
C00045,Priya Nair,2000-04-06,Other,Ahmedabad,India,Premium,priya.nair45@example.com,2020-07-22
C00046,Arun Nair,1960-08-14,Other,Ahmedabad,India,Standard,arun.nair46@example.com,2021-04-16
C00047,Arun Thomas,1999-08-02,Other,Trivandrum,India,Standard,arun.thomas47@example.com,2024-07-20
C00048,Ravi Kumar,1983-08-24,Other,Pune,India,Corporate,ravi.kumar48@example.com,2025-04-16
C00049,Arun Joseph,1958-10-31,Female,Trivandrum,India,Premium,arun.joseph49@example.com,2021-12-07
C00050,Priya Singh,1981-11-26,Female,Mumbai,India,Standard,priya.singh50@example.com,2023-12-17
C00051,Ravi Singh,1977-05-14,Male,Hyderabad,India,Standard,ravi.singh51@example.com,2021-07-05
C00052,Sneha Joseph,1999-02-28,Other,Ahmedabad,India,Standard,sneha.joseph52@example.com,2025-07-07
C00053,Kiran Patel,1999-07-24,Male,Bangalore,India,Premium,kiran.patel53@example.com,2022-09-21
C00054,Neha Sharma,1978-08-05,Other,Delhi,India,Corporate,neha.sharma54@example.com,2020-07-17
C00055,Kiran Nair,1996-06-09,Male,Kolkata,India,Premium,kiran.nair55@example.com,2023-04-12
C00056,Rahul Menon,1981-04-19,Female,Kolkata,India,Corporate,rahul.menon56@example.com,2024-11-22
C00057,Priya Verma,1982-01-18,Other,Mumbai,India,Premium,priya.verma57@example.com,2024-05-09
C00058,Neha Nair,1980-11-28,Male,Trivandrum,India,Standard,neha.nair58@example.com,2021-11-20
C00059,Vivek Sharma,1966-02-03,Other,Hyderabad,India,Corporate,vivek.sharma59@example.com,2024-10-28
C00060,Amit Thomas,1998-12-25,Other,Kochi,India,Standard,amit.thomas60@example.com,2025-05-19
C00061,Kiran Nair,1992-06-12,Female,Mumbai,India,Standard,kiran.nair61@example.com,2020-02-08
C00062,Arun Patel,1973-08-19,Male,Mumbai,India,Corporate,arun.patel62@example.com,2026-03-10
C00063,Priya Singh,1969-04-10,Other,Trivandrum,India,Corporate,priya.singh63@example.com,2022-09-02
C00064,Anjali Kumar,1968-09-28,Male,Bangalore,India,Standard,anjali.kumar64@example.com,2024-08-25
C00065,Divya Reddy,1981-10-18,Male,Pune,India,Corporate,divya.reddy65@example.com,2023-11-08
C00066,Rahul Iyer,1985-10-11,Male,Kochi,India,Premium,rahul.iyer66@example.com,2021-05-11
C00067,Vivek Patel,2003-08-11,Other,Chennai,India,Standard,vivek.patel67@example.com,2024-02-19
C00068,Amit Reddy,1980-09-09,Female,Hyderabad,India,Corporate,amit.reddy68@example.com,2025-11-09
C00069,Kiran Iyer,2003-04-04,Male,Kolkata,India,Premium,kiran.iyer69@example.com,2022-12-03
C00070,Anjali Joseph,1996-01-03,Other,Hyderabad,India,Premium,anjali.joseph70@example.com,2026-03-17
C00071,Vivek Verma,1959-11-07,Male,Mumbai,India,Premium,vivek.verma71@example.com,2021-09-28
C00072,Nikhil Joseph,2001-10-01,Other,Chennai,India,Premium,nikhil.joseph72@example.com,2023-10-12
C00073,Arun Thomas,1973-01-21,Female,Kolkata,India,Standard,arun.thomas73@example.com,2024-06-04
C00074,Ravi Reddy,1994-07-21,Other,Ahmedabad,India,Premium,ravi.reddy74@example.com,2023-02-12
C00075,Kiran Patel,1969-08-19,Other,Pune,India,Premium,kiran.patel75@example.com,2022-12-23
C00076,Kiran Sharma,1971-09-20,Other,Chennai,India,Corporate,kiran.sharma76@example.com,2021-12-02
C00077,Nikhil Sharma,1978-09-25,Female,Ahmedabad,India,Corporate,nikhil.sharma77@example.com,2020-04-02
C00078,Lakshmi Nair,1986-11-16,Female,Hyderabad,India,Corporate,lakshmi.nair78@example.com,2023-06-02
C00079,Meera Singh,1966-02-05,Female,Mumbai,India,Corporate,meera.singh79@example.com,2021-06-03
C00080,Priya Thomas,1998-02-15,Female,Delhi,India,Corporate,priya.thomas80@example.com,2024-09-24
C00081,Ravi Singh,1997-05-09,Male,Ahmedabad,India,Corporate,ravi.singh81@example.com,2022-11-17
C00082,Neha Kumar,2003-07-17,Male,Chennai,India,Standard,neha.kumar82@example.com,2024-12-25
C00083,Sneha Joseph,1968-07-20,Other,Trivandrum,India,Corporate,sneha.joseph83@example.com,2021-07-12
C00084,Priya Verma,1969-11-17,Male,Pune,India,Standard,priya.verma84@example.com,2021-02-03
C00085,Ravi Verma,1967-08-04,Male,Kochi,India,Standard,ravi.verma85@example.com,2025-06-10
C00086,Suresh Verma,2001-03-24,Other,Kolkata,India,Standard,suresh.verma86@example.com,2021-06-05
C00087,Nikhil Menon,1964-01-18,Other,Delhi,India,Corporate,nikhil.menon87@example.com,2025-02-20
C00088,Kiran Joseph,1960-06-12,Female,Mumbai,India,Corporate,kiran.joseph88@example.com,2021-09-03
C00089,Sneha Sharma,1982-06-24,Male,Delhi,India,Corporate,sneha.sharma89@example.com,2021-08-03
C00090,Neha Thomas,1981-02-04,Female,Delhi,India,Standard,neha.thomas90@example.com,2023-12-15
C00091,Divya Patel,1975-08-08,Female,Chennai,India,Corporate,divya.patel91@example.com,2023-08-04
C00092,Rahul Sharma,1971-05-15,Other,Bangalore,India,Standard,rahul.sharma92@example.com,2024-01-16
C00093,Divya Kumar,1969-03-01,Female,Trivandrum,India,Corporate,divya.kumar93@example.com,2021-12-25
C00094,Sneha Iyer,1968-01-15,Female,Kochi,India,Corporate,sneha.iyer94@example.com,2024-04-25
C00095,Divya Nair,1962-12-10,Male,Ahmedabad,India,Premium,divya.nair95@example.com,2022-05-15
C00096,Neha Iyer,1985-12-12,Female,Pune,India,Standard,neha.iyer96@example.com,2020-08-07
C00097,Neha Iyer,1970-11-05,Female,Delhi,India,Corporate,neha.iyer97@example.com,2026-04-24
C00098,Ravi Iyer,1994-04-13,Other,Bangalore,India,Corporate,ravi.iyer98@example.com,2021-05-24
C00099,Arun Iyer,2003-04-20,Male,Ahmedabad,India,Corporate,arun.iyer99@example.com,2020-04-22
C00100,Amit Sharma,2001-03-22,Female,Delhi,India,Premium,amit.sharma100@example.com,2024-08-06
C00101,Vivek Kumar,1975-06-15,Female,Delhi,India,Premium,vivek.kumar101@example.com,2022-12-21
C00102,Suresh Iyer,1963-07-16,Male,Hyderabad,India,Corporate,suresh.iyer102@example.com,2025-09-19
C00103,Kiran Nair,1999-07-30,Other,Mumbai,India,Standard,kiran.nair103@example.com,2024-02-14
C00104,Suresh Nair,2003-11-27,Other,Chennai,India,Standard,suresh.nair104@example.com,2024-05-26
C00105,Priya Sharma,1986-03-06,Female,Delhi,India,Corporate,priya.sharma105@example.com,2025-05-09
C00106,Neha Reddy,1991-01-15,Female,Bangalore,India,Standard,neha.reddy106@example.com,2025-05-08
C00107,Meera Nair,1972-01-23,Female,Hyderabad,India,Corporate,meera.nair107@example.com,2020-03-06
C00108,Priya Menon,1996-08-03,Other,Ahmedabad,India,Premium,priya.menon108@example.com,2023-11-30
C00109,Lakshmi Singh,2002-01-18,Female,Ahmedabad,India,Corporate,lakshmi.singh109@example.com,2025-04-12
C00110,Amit Singh,1960-05-04,Other,Mumbai,India,Premium,amit.singh110@example.com,2025-11-11
C00111,Arun Iyer,1966-11-03,Female,Delhi,India,Corporate,arun.iyer111@example.com,2025-06-14
C00112,Nikhil Das,1989-12-06,Other,Bangalore,India,Corporate,nikhil.das112@example.com,2021-10-02
C00113,Ravi Patel,1962-05-10,Female,Ahmedabad,India,Premium,ravi.patel113@example.com,2020-08-07
C00114,Lakshmi Verma,1976-10-25,Male,Ahmedabad,India,Standard,lakshmi.verma114@example.com,2023-08-17
C00115,Neha Das,1971-09-25,Female,Chennai,India,Standard,neha.das115@example.com,2021-06-04
C00116,Sneha Reddy,1986-09-14,Female,Bangalore,India,Premium,sneha.reddy116@example.com,2021-03-02
C00117,Vivek Patel,2004-10-27,Other,Ahmedabad,India,Standard,vivek.patel117@example.com,2023-07-16
C00118,Rahul Kumar,1984-03-04,Other,Pune,India,Premium,rahul.kumar118@example.com,2021-02-26
C00119,Ravi Verma,2004-03-08,Male,Delhi,India,Premium,ravi.verma119@example.com,2021-08-11
C00120,Priya Iyer,1972-08-16,Female,Chennai,India,Corporate,priya.iyer120@example.com,2023-03-15
C00121,Kiran Reddy,1976-01-21,Female,Pune,India,Corporate,kiran.reddy121@example.com,2020-06-18
C00122,Sneha Patel,1985-01-18,Male,Hyderabad,India,Corporate,sneha.patel122@example.com,2023-10-26
C00123,Priya Reddy,1989-02-14,Male,Trivandrum,India,Standard,priya.reddy123@example.com,2020-08-17
C00124,Divya Das,1958-08-31,Other,Hyderabad,India,Premium,divya.das124@example.com,2020-01-10
C00125,Rahul Kumar,1973-05-10,Male,Hyderabad,India,Premium,rahul.kumar125@example.com,2024-02-01
C00126,Arun Verma,1981-02-14,Male,Kolkata,India,Standard,arun.verma126@example.com,2025-03-20
C00127,Kiran Patel,1996-07-12,Male,Bangalore,India,Corporate,kiran.patel127@example.com,2021-02-17
C00128,Neha Das,1975-03-02,Male,Delhi,India,Standard,neha.das128@example.com,2021-09-11
C00129,Neha Das,1969-10-13,Female,Trivandrum,India,Standard,neha.das129@example.com,2025-11-26
C00130,Meera Singh,1992-05-07,Other,Kochi,India,Premium,meera.singh130@example.com,2024-12-07
C00131,Rahul Kumar,1968-05-24,Other,Trivandrum,India,Corporate,rahul.kumar131@example.com,2020-05-18
C00132,Suresh Joseph,1971-08-10,Female,Chennai,India,Premium,suresh.joseph132@example.com,2020-10-10
C00133,Neha Joseph,2000-04-30,Other,Pune,India,Corporate,neha.joseph133@example.com,2023-03-19
C00134,Rahul Kumar,1998-06-13,Male,Chennai,India,Standard,rahul.kumar134@example.com,2023-09-02
C00135,Anjali Thomas,2005-06-29,Female,Trivandrum,India,Premium,anjali.thomas135@example.com,2024-11-17
C00136,Divya Joseph,2002-10-21,Male,Delhi,India,Premium,divya.joseph136@example.com,2023-05-16
C00137,Divya Patel,1984-10-16,Female,Delhi,India,Corporate,divya.patel137@example.com,2025-11-02
C00138,Meera Singh,1995-06-09,Other,Chennai,India,Standard,meera.singh138@example.com,2021-11-13
C00139,Ravi Sharma,1999-04-30,Male,Hyderabad,India,Standard,ravi.sharma139@example.com,2025-01-15
C00140,Suresh Patel,1979-11-03,Female,Ahmedabad,India,Standard,suresh.patel140@example.com,2020-04-02
C00141,Sneha Verma,1981-04-23,Other,Hyderabad,India,Corporate,sneha.verma141@example.com,2022-02-14
C00142,Sneha Das,2002-02-26,Female,Trivandrum,India,Corporate,sneha.das142@example.com,2019-12-06
C00143,Vivek Joseph,1997-07-16,Male,Hyderabad,India,Corporate,vivek.joseph143@example.com,2026-05-07
C00144,Lakshmi Joseph,1981-07-21,Other,Ahmedabad,India,Standard,lakshmi.joseph144@example.com,2026-05-28
C00145,Suresh Sharma,1966-01-22,Female,Delhi,India,Standard,suresh.sharma145@example.com,2020-10-25
C00146,Meera Iyer,1963-07-26,Female,Delhi,India,Premium,meera.iyer146@example.com,2025-08-12
C00147,Vivek Reddy,1976-02-22,Female,Trivandrum,India,Corporate,vivek.reddy147@example.com,2024-10-31
C00148,Sneha Patel,2002-06-10,Female,Pune,India,Standard,sneha.patel148@example.com,2020-06-19
C00149,Vivek Patel,1969-06-21,Other,Mumbai,India,Standard,vivek.patel149@example.com,2025-05-03
C00150,Ravi Thomas,2000-11-13,Male,Delhi,India,Corporate,ravi.thomas150@example.com,2022-01-01
C00151,Vivek Joseph,2001-02-06,Male,Delhi,India,Premium,vivek.joseph151@example.com,2021-09-05
C00152,Kiran Sharma,1962-03-31,Male,Hyderabad,India,Standard,kiran.sharma152@example.com,2021-09-21
C00153,Ravi Joseph,1977-11-08,Other,Chennai,India,Standard,ravi.joseph153@example.com,2024-11-10
C00154,Kiran Iyer,1995-07-22,Female,Trivandrum,India,Standard,kiran.iyer154@example.com,2024-02-12
C00155,Ravi Sharma,1960-01-30,Other,Delhi,India,Premium,ravi.sharma155@example.com,2023-05-13
C00156,Amit Das,1964-10-02,Other,Delhi,India,Standard,amit.das156@example.com,2023-11-26
C00157,Amit Kumar,1993-06-26,Male,Ahmedabad,India,Premium,amit.kumar157@example.com,2020-12-08
C00158,Suresh Iyer,1981-10-06,Male,Mumbai,India,Premium,suresh.iyer158@example.com,2020-12-10
C00159,Divya Patel,1961-10-21,Male,Ahmedabad,India,Premium,divya.patel159@example.com,2020-02-18
C00160,Kiran Das,1956-12-23,Female,Mumbai,India,Premium,kiran.das160@example.com,2022-11-28
C00161,Nikhil Reddy,1971-05-17,Male,Chennai,India,Premium,nikhil.reddy161@example.com,2023-12-16
C00162,Arun Reddy,1971-02-04,Other,Delhi,India,Corporate,arun.reddy162@example.com,2022-05-12
C00163,Anjali Das,1960-09-01,Other,Kochi,India,Premium,anjali.das163@example.com,2025-03-21
C00164,Lakshmi Menon,1958-07-19,Female,Delhi,India,Standard,lakshmi.menon164@example.com,2025-07-08
C00165,Divya Sharma,1999-01-08,Female,Pune,India,Premium,divya.sharma165@example.com,2024-11-26
C00166,Vivek Joseph,1976-04-03,Other,Pune,India,Corporate,vivek.joseph166@example.com,2025-09-26
C00167,Amit Reddy,2002-07-06,Other,Delhi,India,Standard,amit.reddy167@example.com,2020-07-26
C00168,Priya Singh,1997-08-16,Female,Hyderabad,India,Standard,priya.singh168@example.com,2024-02-01
C00169,Suresh Singh,1990-10-22,Other,Trivandrum,India,Premium,suresh.singh169@example.com,2021-08-29
C00170,Nikhil Nair,2000-09-12,Female,Kochi,India,Premium,nikhil.nair170@example.com,2022-12-31
C00171,Vivek Iyer,1958-01-29,Female,Bangalore,India,Corporate,vivek.iyer171@example.com,2023-11-24
C00172,Ravi Sharma,1998-08-25,Other,Bangalore,India,Premium,ravi.sharma172@example.com,2024-09-02
C00173,Meera Singh,1992-11-22,Male,Chennai,India,Premium,meera.singh173@example.com,2021-01-20
C00174,Ravi Patel,2004-11-21,Female,Delhi,India,Premium,ravi.patel174@example.com,2023-10-10
C00175,Ravi Thomas,1966-02-07,Female,Bangalore,India,Corporate,ravi.thomas175@example.com,2025-10-22
C00176,Neha Singh,1964-09-30,Female,Pune,India,Standard,neha.singh176@example.com,2023-10-31
C00177,Amit Das,1971-07-09,Other,Trivandrum,India,Premium,amit.das177@example.com,2023-12-23
C00178,Meera Patel,1970-03-23,Female,Hyderabad,India,Standard,meera.patel178@example.com,2026-05-23
C00179,Meera Singh,1980-01-21,Male,Kochi,India,Corporate,meera.singh179@example.com,2021-01-24
C00180,Suresh Reddy,1983-04-01,Other,Chennai,India,Corporate,suresh.reddy180@example.com,2024-07-03
C00181,Suresh Singh,2002-03-13,Female,Bangalore,India,Premium,suresh.singh181@example.com,2025-07-19
C00182,Arun Joseph,1997-08-24,Female,Mumbai,India,Premium,arun.joseph182@example.com,2025-02-28
C00183,Divya Iyer,1993-11-16,Other,Bangalore,India,Premium,divya.iyer183@example.com,2024-05-20
C00184,Kiran Thomas,1982-09-05,Female,Hyderabad,India,Premium,kiran.thomas184@example.com,2024-10-16
C00185,Divya Reddy,1998-12-23,Male,Trivandrum,India,Standard,divya.reddy185@example.com,2021-05-20
C00186,Lakshmi Singh,1972-12-01,Male,Pune,India,Premium,lakshmi.singh186@example.com,2020-05-21
C00187,Arun Patel,1964-12-06,Female,Kolkata,India,Corporate,arun.patel187@example.com,2025-04-01
C00188,Divya Singh,1971-07-20,Other,Hyderabad,India,Premium,divya.singh188@example.com,2020-01-30
C00189,Rahul Singh,2003-06-27,Other,Chennai,India,Corporate,rahul.singh189@example.com,2021-05-07
C00190,Vivek Joseph,1964-01-30,Other,Chennai,India,Premium,vivek.joseph190@example.com,2025-12-05
C00191,Ravi Iyer,2001-08-31,Male,Trivandrum,India,Premium,ravi.iyer191@example.com,2025-01-25
C00192,Sneha Menon,1957-07-04,Male,Trivandrum,India,Premium,sneha.menon192@example.com,2024-01-02
C00193,Sneha Reddy,1991-11-14,Female,Kolkata,India,Corporate,sneha.reddy193@example.com,2021-12-08
C00194,Rahul Das,1980-08-20,Male,Ahmedabad,India,Corporate,rahul.das194@example.com,2022-01-22
C00195,Vivek Kumar,1984-07-20,Female,Delhi,India,Standard,vivek.kumar195@example.com,2021-08-25
C00196,Ravi Reddy,2000-04-19,Female,Kolkata,India,Premium,ravi.reddy196@example.com,2022-08-12
C00197,Priya Menon,1986-09-14,Other,Delhi,India,Corporate,priya.menon197@example.com,2025-08-10
C00198,Meera Nair,1983-11-18,Male,Kochi,India,Corporate,meera.nair198@example.com,2022-11-23
C00199,Priya Menon,1986-05-11,Male,Kolkata,India,Premium,priya.menon199@example.com,2024-04-24
C00200,Suresh Sharma,1980-11-09,Male,Ahmedabad,India,Standard,suresh.sharma200@example.com,2026-08-09
C00201,Kiran Patel,2003-06-03,Male,Bangalore,India,Standard,kiran.patel201@example.com,2025-05-27
C00202,Vivek Kumar,2004-04-25,Male,Ahmedabad,India,Premium,vivek.kumar202@example.com,2023-01-02
C00203,Arun Sharma,1995-07-15,Other,Pune,India,Standard,arun.sharma203@example.com,2020-09-26
C00204,Sneha Das,1995-12-13,Female,Mumbai,India,Corporate,sneha.das204@example.com,2020-11-17
C00205,Priya Joseph,1978-09-03,Female,Kochi,India,Corporate,priya.joseph205@example.com,2020-10-15
C00206,Arun Nair,1967-06-28,Other,Delhi,India,Standard,arun.nair206@example.com,2022-02-17
C00207,Sneha Verma,1998-06-26,Female,Delhi,India,Corporate,sneha.verma207@example.com,2025-10-23
C00208,Anjali Menon,1976-07-23,Female,Bangalore,India,Corporate,anjali.menon208@example.com,2023-07-21
C00209,Kiran Patel,1967-02-20,Male,Delhi,India,Corporate,kiran.patel209@example.com,2020-12-19
C00210,Rahul Singh,1967-02-24,Female,Kolkata,India,Standard,rahul.singh210@example.com,2024-03-23
C00211,Amit Reddy,1968-05-30,Other,Delhi,India,Standard,amit.reddy211@example.com,2022-03-01
C00212,Vivek Iyer,1972-02-25,Male,Mumbai,India,Corporate,vivek.iyer212@example.com,2023-10-11
C00213,Nikhil Das,1998-01-27,Male,Trivandrum,India,Premium,nikhil.das213@example.com,2025-08-12
C00214,Rahul Verma,2000-05-08,Other,Mumbai,India,Corporate,rahul.verma214@example.com,2025-03-06
C00215,Kiran Reddy,1974-01-04,Other,Trivandrum,India,Premium,kiran.reddy215@example.com,2022-01-11
C00216,Lakshmi Verma,1977-09-13,Female,Kochi,India,Standard,lakshmi.verma216@example.com,2023-05-30
C00217,Meera Thomas,1962-06-22,Male,Chennai,India,Standard,meera.thomas217@example.com,2024-11-25
C00218,Vivek Thomas,1980-09-27,Other,Mumbai,India,Standard,vivek.thomas218@example.com,2025-05-07
C00219,Suresh Iyer,2003-05-18,Other,Kolkata,India,Corporate,suresh.iyer219@example.com,2020-05-23
C00220,Lakshmi Verma,1989-07-19,Female,Hyderabad,India,Corporate,lakshmi.verma220@example.com,2026-04-24
C00221,Suresh Patel,2005-03-08,Male,Mumbai,India,Standard,suresh.patel221@example.com,2022-09-13
C00222,Meera Singh,1993-01-02,Other,Pune,India,Corporate,meera.singh222@example.com,2025-11-08
C00223,Arun Menon,1971-12-25,Female,Kolkata,India,Premium,arun.menon223@example.com,2024-03-22
C00224,Vivek Sharma,1976-08-18,Other,Mumbai,India,Corporate,vivek.sharma224@example.com,2023-02-21
C00225,Rahul Nair,2001-04-08,Other,Bangalore,India,Standard,rahul.nair225@example.com,2024-11-14
C00226,Neha Das,1966-01-28,Female,Pune,India,Premium,neha.das226@example.com,2021-03-10
C00227,Priya Thomas,1967-03-01,Male,Trivandrum,India,Premium,priya.thomas227@example.com,2022-10-07
C00228,Ravi Singh,1958-06-17,Other,Ahmedabad,India,Premium,ravi.singh228@example.com,2021-03-06
C00229,Arun Kumar,2000-10-25,Male,Pune,India,Standard,arun.kumar229@example.com,2019-12-01
C00230,Neha Kumar,1979-10-07,Female,Bangalore,India,Standard,neha.kumar230@example.com,2023-10-09
C00231,Arun Das,1994-02-21,Female,Pune,India,Corporate,arun.das231@example.com,2024-08-31
C00232,Divya Kumar,1973-12-16,Male,Kolkata,India,Premium,divya.kumar232@example.com,2020-05-15
C00233,Lakshmi Verma,2004-01-19,Female,Kochi,India,Standard,lakshmi.verma233@example.com,2021-09-29
C00234,Lakshmi Reddy,1969-06-13,Other,Ahmedabad,India,Corporate,lakshmi.reddy234@example.com,2021-10-27
C00235,Amit Patel,2003-11-11,Female,Trivandrum,India,Standard,amit.patel235@example.com,2022-02-03
C00236,Suresh Joseph,1997-10-29,Female,Delhi,India,Standard,suresh.joseph236@example.com,2022-07-30
C00237,Priya Iyer,1958-09-22,Male,Ahmedabad,India,Premium,priya.iyer237@example.com,2022-02-22
C00238,Lakshmi Patel,1975-11-08,Male,Mumbai,India,Standard,lakshmi.patel238@example.com,2024-02-25
C00239,Kiran Singh,1959-12-25,Male,Trivandrum,India,Premium,kiran.singh239@example.com,2020-09-07
C00240,Vivek Verma,1996-07-05,Male,Bangalore,India,Premium,vivek.verma240@example.com,2023-12-27
C00241,Priya Sharma,1998-12-21,Male,Ahmedabad,India,Corporate,priya.sharma241@example.com,2024-12-02
C00242,Sneha Das,1965-06-17,Other,Ahmedabad,India,Corporate,sneha.das242@example.com,2020-02-20
C00243,Ravi Singh,1977-05-15,Male,Ahmedabad,India,Premium,ravi.singh243@example.com,2023-01-05
C00244,Rahul Das,1981-02-02,Other,Delhi,India,Standard,rahul.das244@example.com,2023-03-29
C00245,Vivek Thomas,1964-04-22,Female,Trivandrum,India,Standard,vivek.thomas245@example.com,2023-02-26
C00246,Arun Reddy,1997-08-19,Other,Hyderabad,India,Corporate,arun.reddy246@example.com,2025-10-10
C00247,Kiran Iyer,2002-01-19,Female,Delhi,India,Corporate,kiran.iyer247@example.com,2020-02-16
C00248,Ravi Kumar,1960-10-02,Male,Mumbai,India,Standard,ravi.kumar248@example.com,2021-04-20
C00249,Sneha Menon,1960-06-19,Other,Mumbai,India,Standard,sneha.menon249@example.com,2025-09-09
C00250,Arun Kumar,1958-09-19,Other,Delhi,India,Corporate,arun.kumar250@example.com,2021-09-16
C00251,Anjali Reddy,1970-12-23,Female,Mumbai,India,Premium,anjali.reddy251@example.com,2023-06-19
C00252,Ravi Joseph,1999-10-27,Female,Kochi,India,Standard,ravi.joseph252@example.com,2022-11-19
C00253,Kiran Singh,1983-02-15,Other,Pune,India,Corporate,kiran.singh253@example.com,2023-06-14
C00254,Nikhil Joseph,1998-06-03,Other,Bangalore,India,Corporate,nikhil.joseph254@example.com,2022-11-24
C00255,Anjali Reddy,1994-03-01,Other,Hyderabad,India,Corporate,anjali.reddy255@example.com,2022-03-29
C00256,Rahul Patel,1976-04-06,Male,Kolkata,India,Corporate,rahul.patel256@example.com,2022-05-31
C00257,Divya Verma,1967-09-30,Other,Kolkata,India,Premium,divya.verma257@example.com,2025-08-03
C00258,Arun Reddy,1986-07-08,Female,Hyderabad,India,Premium,arun.reddy258@example.com,2024-08-12
C00259,Priya Kumar,1998-10-23,Female,Bangalore,India,Standard,priya.kumar259@example.com,2024-11-24
C00260,Kiran Thomas,1975-07-09,Other,Kolkata,India,Standard,kiran.thomas260@example.com,2026-03-19
C00261,Meera Iyer,1989-07-05,Other,Bangalore,India,Corporate,meera.iyer261@example.com,2024-10-25
C00262,Suresh Sharma,1968-11-14,Female,Delhi,India,Corporate,suresh.sharma262@example.com,2026-02-23
C00263,Divya Kumar,1965-06-16,Male,Delhi,India,Corporate,divya.kumar263@example.com,2023-06-10
C00264,Priya Patel,1972-09-24,Other,Delhi,India,Corporate,priya.patel264@example.com,2024-06-17
C00265,Sneha Das,1960-08-12,Other,Hyderabad,India,Premium,sneha.das265@example.com,2022-05-09
C00266,Anjali Kumar,1983-04-21,Male,Ahmedabad,India,Corporate,anjali.kumar266@example.com,2025-01-31
C00267,Sneha Reddy,1959-06-13,Male,Kolkata,India,Premium,sneha.reddy267@example.com,2025-06-26
C00268,Rahul Sharma,1959-09-05,Male,Hyderabad,India,Premium,rahul.sharma268@example.com,2021-08-06
C00269,Rahul Kumar,2003-05-05,Female,Delhi,India,Standard,rahul.kumar269@example.com,2022-09-19
C00270,Amit Thomas,1971-02-02,Male,Mumbai,India,Premium,amit.thomas270@example.com,2023-12-29
C00271,Priya Nair,1975-08-27,Male,Mumbai,India,Standard,priya.nair271@example.com,2025-07-11
C00272,Arun Patel,1963-08-25,Female,Delhi,India,Corporate,arun.patel272@example.com,2025-01-29
C00273,Arun Menon,1986-05-21,Male,Kochi,India,Corporate,arun.menon273@example.com,2023-10-07
C00274,Divya Joseph,1995-10-04,Female,Kolkata,India,Standard,divya.joseph274@example.com,2021-11-21
C00275,Neha Menon,1968-01-26,Other,Kochi,India,Corporate,neha.menon275@example.com,2023-12-18
C00276,Sneha Menon,1957-08-22,Male,Trivandrum,India,Corporate,sneha.menon276@example.com,2021-01-11
C00277,Kiran Joseph,1979-08-08,Female,Chennai,India,Standard,kiran.joseph277@example.com,2025-01-09
C00278,Meera Reddy,1968-05-11,Male,Chennai,India,Corporate,meera.reddy278@example.com,2020-03-27
C00279,Ravi Menon,1999-08-30,Other,Kolkata,India,Corporate,ravi.menon279@example.com,2022-08-04
C00280,Kiran Thomas,1970-09-14,Female,Kolkata,India,Standard,kiran.thomas280@example.com,2026-05-29
C00281,Ravi Iyer,2004-04-10,Female,Mumbai,India,Standard,ravi.iyer281@example.com,2023-10-17
C00282,Vivek Kumar,1975-11-26,Male,Trivandrum,India,Standard,vivek.kumar282@example.com,2020-02-10
C00283,Vivek Thomas,1964-01-19,Other,Mumbai,India,Premium,vivek.thomas283@example.com,2024-09-02
C00284,Ravi Sharma,1964-09-02,Male,Bangalore,India,Premium,ravi.sharma284@example.com,2025-12-05
C00285,Priya Nair,1977-06-02,Female,Chennai,India,Corporate,priya.nair285@example.com,2026-03-02
C00286,Amit Thomas,2002-06-13,Other,Delhi,India,Standard,amit.thomas286@example.com,2023-10-18
C00287,Neha Reddy,1981-03-22,Male,Kochi,India,Premium,neha.reddy287@example.com,2022-11-30
C00288,Amit Iyer,1975-04-26,Male,Delhi,India,Premium,amit.iyer288@example.com,2022-04-20
C00289,Divya Das,1981-10-21,Male,Mumbai,India,Corporate,divya.das289@example.com,2020-10-24
C00290,Amit Menon,1989-07-17,Other,Pune,India,Premium,amit.menon290@example.com,2019-11-18
C00291,Vivek Menon,1979-03-18,Female,Trivandrum,India,Premium,vivek.menon291@example.com,2022-12-16
C00292,Meera Verma,1965-11-28,Female,Pune,India,Premium,meera.verma292@example.com,2024-10-07
C00293,Arun Verma,1981-02-06,Other,Mumbai,India,Standard,arun.verma293@example.com,2021-10-04
C00294,Rahul Singh,1959-09-14,Other,Pune,India,Corporate,rahul.singh294@example.com,2022-07-24
C00295,Anjali Nair,2002-08-11,Male,Bangalore,India,Standard,anjali.nair295@example.com,2021-09-21
C00296,Priya Singh,1971-05-21,Other,Mumbai,India,Standard,priya.singh296@example.com,2022-07-29
C00297,Meera Sharma,1972-05-10,Female,Delhi,India,Standard,meera.sharma297@example.com,2022-06-23
C00298,Meera Sharma,1970-01-09,Female,Kolkata,India,Corporate,meera.sharma298@example.com,2022-07-09
C00299,Neha Kumar,1989-01-15,Female,Trivandrum,India,Corporate,neha.kumar299@example.com,2026-05-06
C00300,Amit Thomas,1982-05-19,Other,Trivandrum,India,Premium,amit.thomas300@example.com,2023-09-13
C00301,Priya Joseph,1987-10-10,Male,Hyderabad,India,Standard,priya.joseph301@example.com,2021-02-16
C00302,Lakshmi Menon,1965-10-19,Male,Delhi,India,Corporate,lakshmi.menon302@example.com,2024-09-12
C00303,Lakshmi Reddy,1957-02-03,Female,Mumbai,India,Premium,lakshmi.reddy303@example.com,2025-11-28
C00304,Lakshmi Sharma,1960-02-03,Male,Bangalore,India,Standard,lakshmi.sharma304@example.com,2022-08-01
C00305,Priya Sharma,2003-05-17,Female,Chennai,India,Corporate,priya.sharma305@example.com,2021-02-04
C00306,Meera Reddy,1994-02-02,Other,Delhi,India,Standard,meera.reddy306@example.com,2020-06-13
C00307,Rahul Patel,1958-07-28,Female,Pune,India,Premium,rahul.patel307@example.com,2021-04-08
C00308,Lakshmi Joseph,1977-04-16,Other,Trivandrum,India,Standard,lakshmi.joseph308@example.com,2025-03-25
C00309,Sneha Das,1994-03-21,Other,Kolkata,India,Corporate,sneha.das309@example.com,2022-10-09
C00310,Meera Sharma,1960-08-14,Male,Bangalore,India,Standard,meera.sharma310@example.com,2021-10-13
C00311,Kiran Sharma,1991-03-15,Female,Hyderabad,India,Corporate,kiran.sharma311@example.com,2024-10-15
C00312,Priya Reddy,1998-08-28,Female,Kolkata,India,Standard,priya.reddy312@example.com,2023-06-14
C00313,Ravi Thomas,1978-07-26,Other,Hyderabad,India,Corporate,ravi.thomas313@example.com,2025-03-26
C00314,Rahul Thomas,1991-11-25,Male,Bangalore,India,Corporate,rahul.thomas314@example.com,2019-12-31
C00315,Meera Verma,2002-01-14,Male,Ahmedabad,India,Standard,meera.verma315@example.com,2022-11-07
C00316,Arun Singh,1986-10-27,Other,Ahmedabad,India,Premium,arun.singh316@example.com,2023-09-01
C00317,Meera Singh,1956-10-14,Female,Kochi,India,Corporate,meera.singh317@example.com,2021-01-19
C00318,Neha Das,1979-01-18,Female,Chennai,India,Standard,neha.das318@example.com,2022-01-30
C00319,Divya Nair,1968-06-11,Female,Bangalore,India,Premium,divya.nair319@example.com,2021-09-15
C00320,Priya Reddy,1977-09-09,Other,Ahmedabad,India,Premium,priya.reddy320@example.com,2025-01-09
C00321,Divya Reddy,1972-06-28,Other,Pune,India,Corporate,divya.reddy321@example.com,2025-03-03
C00322,Rahul Reddy,1994-09-28,Female,Chennai,India,Premium,rahul.reddy322@example.com,2021-05-28
C00323,Priya Sharma,1979-09-12,Female,Trivandrum,India,Corporate,priya.sharma323@example.com,2026-01-25
C00324,Amit Kumar,1977-09-04,Male,Bangalore,India,Standard,amit.kumar324@example.com,2022-12-18
C00325,Sneha Thomas,1978-01-19,Female,Delhi,India,Standard,sneha.thomas325@example.com,2021-01-16
C00326,Rahul Iyer,1984-02-19,Male,Kolkata,India,Corporate,rahul.iyer326@example.com,2021-07-05
C00327,Vivek Nair,1961-05-02,Other,Kochi,India,Corporate,vivek.nair327@example.com,2023-06-25
C00328,Ravi Das,2004-12-31,Male,Hyderabad,India,Premium,ravi.das328@example.com,2020-08-13
C00329,Anjali Patel,1972-11-25,Male,Mumbai,India,Premium,anjali.patel329@example.com,2022-02-11
C00330,Arun Joseph,1973-03-17,Other,Kolkata,India,Premium,arun.joseph330@example.com,2024-06-14
C00331,Rahul Iyer,1980-08-21,Other,Kolkata,India,Corporate,rahul.iyer331@example.com,2021-08-02
C00332,Meera Menon,1970-05-24,Female,Bangalore,India,Premium,meera.menon332@example.com,2025-07-20
C00333,Kiran Reddy,1960-01-22,Female,Bangalore,India,Corporate,kiran.reddy333@example.com,2024-05-27
C00334,Arun Nair,1975-11-08,Female,Kochi,India,Corporate,arun.nair334@example.com,2025-02-05
C00335,Sneha Sharma,1993-03-11,Female,Ahmedabad,India,Corporate,sneha.sharma335@example.com,2020-11-08
C00336,Vivek Sharma,1975-07-22,Other,Pune,India,Corporate,vivek.sharma336@example.com,2023-04-13
C00337,Kiran Das,1963-02-16,Male,Ahmedabad,India,Premium,kiran.das337@example.com,2023-04-11
C00338,Vivek Singh,1978-02-17,Other,Trivandrum,India,Corporate,vivek.singh338@example.com,2021-12-18
C00339,Ravi Nair,1981-11-29,Other,Ahmedabad,India,Corporate,ravi.nair339@example.com,2021-04-25
C00340,Meera Kumar,1962-08-18,Male,Kochi,India,Corporate,meera.kumar340@example.com,2020-02-03
C00341,Ravi Verma,1992-06-22,Other,Ahmedabad,India,Standard,ravi.verma341@example.com,2022-05-16
C00342,Arun Joseph,2004-01-13,Female,Trivandrum,India,Premium,arun.joseph342@example.com,2024-06-30
C00343,Amit Sharma,1968-11-30,Other,Pune,India,Corporate,amit.sharma343@example.com,2024-05-07
C00344,Nikhil Das,1959-03-14,Male,Kochi,India,Corporate,nikhil.das344@example.com,2025-02-01
C00345,Vivek Singh,1971-12-05,Female,Delhi,India,Standard,vivek.singh345@example.com,2020-09-28
C00346,Sneha Thomas,1973-12-12,Other,Mumbai,India,Corporate,sneha.thomas346@example.com,2020-07-05
C00347,Ravi Singh,1988-06-25,Male,Hyderabad,India,Premium,ravi.singh347@example.com,2021-03-16
C00348,Kiran Patel,1979-10-21,Other,Chennai,India,Standard,kiran.patel348@example.com,2023-04-19
C00349,Divya Verma,1962-09-08,Female,Delhi,India,Corporate,divya.verma349@example.com,2023-01-30
C00350,Nikhil Verma,1994-10-19,Other,Hyderabad,India,Corporate,nikhil.verma350@example.com,2023-05-30
C00351,Kiran Iyer,1992-08-04,Female,Pune,India,Standard,kiran.iyer351@example.com,2022-10-07
C00352,Neha Verma,1966-01-17,Other,Trivandrum,India,Premium,neha.verma352@example.com,2022-10-02
C00353,Divya Das,1957-05-31,Female,Chennai,India,Corporate,divya.das353@example.com,2024-05-15
C00354,Divya Patel,1984-04-07,Male,Bangalore,India,Standard,divya.patel354@example.com,2025-05-30
C00355,Ravi Thomas,2001-01-08,Male,Chennai,India,Premium,ravi.thomas355@example.com,2024-01-10
C00356,Vivek Verma,1993-05-26,Male,Delhi,India,Corporate,vivek.verma356@example.com,2025-07-05
C00357,Nikhil Sharma,1962-11-24,Other,Pune,India,Standard,nikhil.sharma357@example.com,2021-04-20
C00358,Suresh Patel,2000-06-04,Male,Mumbai,India,Corporate,suresh.patel358@example.com,2023-06-08
C00359,Meera Kumar,1990-01-10,Female,Kolkata,India,Standard,meera.kumar359@example.com,2026-03-21
C00360,Nikhil Nair,1989-01-06,Other,Pune,India,Premium,nikhil.nair360@example.com,2021-01-29
C00361,Nikhil Nair,1996-02-08,Female,Kochi,India,Premium,nikhil.nair361@example.com,2023-04-16
C00362,Sneha Singh,1961-06-03,Male,Kolkata,India,Corporate,sneha.singh362@example.com,2020-10-03
C00363,Sneha Patel,1976-01-25,Male,Chennai,India,Corporate,sneha.patel363@example.com,2025-05-16
C00364,Sneha Singh,2004-06-20,Other,Hyderabad,India,Premium,sneha.singh364@example.com,2024-07-19
C00365,Suresh Patel,1989-12-27,Other,Ahmedabad,India,Corporate,suresh.patel365@example.com,2024-06-20
C00366,Nikhil Iyer,1976-04-24,Male,Pune,India,Premium,nikhil.iyer366@example.com,2020-11-09
C00367,Ravi Menon,1962-11-24,Female,Bangalore,India,Standard,ravi.menon367@example.com,2025-01-22
C00368,Arun Patel,1965-08-27,Female,Pune,India,Premium,arun.patel368@example.com,2023-12-30
C00369,Neha Joseph,1982-04-08,Other,Ahmedabad,India,Premium,neha.joseph369@example.com,2026-07-05
C00370,Divya Kumar,1963-12-24,Female,Kochi,India,Standard,divya.kumar370@example.com,2025-04-23
C00371,Amit Singh,1995-03-14,Other,Kolkata,India,Premium,amit.singh371@example.com,2023-02-24
C00372,Vivek Joseph,1993-10-01,Female,Chennai,India,Standard,vivek.joseph372@example.com,2024-03-06
C00373,Sneha Verma,1968-06-04,Other,Ahmedabad,India,Corporate,sneha.verma373@example.com,2022-06-12
C00374,Nikhil Das,1983-07-14,Other,Kolkata,India,Corporate,nikhil.das374@example.com,2024-03-09
C00375,Lakshmi Menon,1958-05-07,Other,Kolkata,India,Premium,lakshmi.menon375@example.com,2021-08-17
C00376,Rahul Joseph,1960-05-20,Male,Trivandrum,India,Corporate,rahul.joseph376@example.com,2025-12-11
C00377,Kiran Sharma,1959-01-19,Female,Bangalore,India,Standard,kiran.sharma377@example.com,2022-12-16
C00378,Ravi Kumar,1997-07-29,Other,Ahmedabad,India,Premium,ravi.kumar378@example.com,2021-02-25
C00379,Suresh Nair,1959-09-08,Female,Delhi,India,Premium,suresh.nair379@example.com,2025-02-26
C00380,Meera Nair,1978-01-31,Other,Kolkata,India,Standard,meera.nair380@example.com,2021-06-14
C00381,Amit Patel,1999-03-07,Male,Kochi,India,Premium,amit.patel381@example.com,2024-03-11
C00382,Vivek Verma,2000-04-29,Male,Trivandrum,India,Premium,vivek.verma382@example.com,2020-07-26
C00383,Arun Patel,1993-08-01,Other,Pune,India,Corporate,arun.patel383@example.com,2024-08-13
C00384,Ravi Iyer,1965-06-29,Female,Mumbai,India,Premium,ravi.iyer384@example.com,2022-05-07
C00385,Rahul Singh,1974-07-14,Male,Kolkata,India,Standard,rahul.singh385@example.com,2025-02-22
C00386,Kiran Iyer,1985-10-02,Male,Kolkata,India,Standard,kiran.iyer386@example.com,2025-03-17
C00387,Neha Das,1958-01-04,Female,Kolkata,India,Standard,neha.das387@example.com,2021-11-17
C00388,Priya Das,1981-01-01,Male,Mumbai,India,Corporate,priya.das388@example.com,2024-11-23
C00389,Suresh Menon,2004-04-30,Male,Kochi,India,Standard,suresh.menon389@example.com,2021-12-07
C00390,Rahul Menon,1965-09-06,Other,Ahmedabad,India,Corporate,rahul.menon390@example.com,2026-04-05
C00391,Divya Nair,1969-08-23,Female,Chennai,India,Standard,divya.nair391@example.com,2026-02-20
C00392,Kiran Kumar,1960-07-11,Female,Kochi,India,Standard,kiran.kumar392@example.com,2025-01-24
C00393,Lakshmi Verma,1976-12-18,Male,Ahmedabad,India,Premium,lakshmi.verma393@example.com,2023-01-22
C00394,Nikhil Sharma,1968-08-18,Female,Kolkata,India,Premium,nikhil.sharma394@example.com,2024-02-27
C00395,Arun Thomas,1967-05-29,Other,Ahmedabad,India,Premium,arun.thomas395@example.com,2024-09-02
C00396,Arun Reddy,1977-02-19,Other,Pune,India,Premium,arun.reddy396@example.com,2020-10-02
C00397,Amit Sharma,1989-03-27,Other,Hyderabad,India,Premium,amit.sharma397@example.com,2022-06-01
C00398,Priya Kumar,1964-03-11,Male,Hyderabad,India,Corporate,priya.kumar398@example.com,2025-01-06
C00399,Amit Iyer,1993-09-14,Female,Kolkata,India,Standard,amit.iyer399@example.com,2020-09-10
C00400,Neha Kumar,1965-05-19,Female,Mumbai,India,Standard,neha.kumar400@example.com,2025-10-01
C00401,Kiran Verma,1981-08-25,Female,Chennai,India,Corporate,kiran.verma401@example.com,2026-01-21
C00402,Meera Joseph,1988-11-07,Other,Kochi,India,Corporate,meera.joseph402@example.com,2025-10-26
C00403,Ravi Thomas,1986-12-29,Female,Chennai,India,Premium,ravi.thomas403@example.com,2021-04-05
C00404,Nikhil Nair,1995-03-17,Other,Chennai,India,Premium,nikhil.nair404@example.com,2024-07-03
C00405,Nikhil Kumar,1970-02-24,Male,Ahmedabad,India,Corporate,nikhil.kumar405@example.com,2024-05-05
C00406,Vivek Patel,1957-11-09,Other,Pune,India,Premium,vivek.patel406@example.com,2021-05-29
C00407,Neha Patel,1961-02-13,Female,Mumbai,India,Standard,neha.patel407@example.com,2020-11-19
C00408,Suresh Verma,1987-07-05,Female,Delhi,India,Premium,suresh.verma408@example.com,2023-01-17
C00409,Amit Nair,1992-08-22,Male,Ahmedabad,India,Premium,amit.nair409@example.com,2024-02-26
C00410,Kiran Joseph,1979-04-02,Male,Ahmedabad,India,Standard,kiran.joseph410@example.com,2021-12-14
C00411,Vivek Kumar,1983-09-08,Female,Pune,India,Corporate,vivek.kumar411@example.com,2020-03-31
C00412,Ravi Singh,1961-11-23,Other,Mumbai,India,Corporate,ravi.singh412@example.com,2023-10-01
C00413,Divya Das,1974-02-19,Male,Delhi,India,Standard,divya.das413@example.com,2024-09-30
C00414,Divya Thomas,1957-02-04,Other,Delhi,India,Standard,divya.thomas414@example.com,2024-07-28
C00415,Kiran Nair,2005-02-27,Female,Trivandrum,India,Standard,kiran.nair415@example.com,2026-02-03
C00416,Lakshmi Singh,1992-03-08,Male,Chennai,India,Standard,lakshmi.singh416@example.com,2025-11-15
C00417,Kiran Das,1962-05-20,Other,Mumbai,India,Premium,kiran.das417@example.com,2025-12-16
C00418,Arun Nair,1968-10-30,Male,Kolkata,India,Standard,arun.nair418@example.com,2020-06-13
C00419,Kiran Verma,1980-01-05,Male,Hyderabad,India,Corporate,kiran.verma419@example.com,2020-08-17
C00420,Lakshmi Verma,1996-02-18,Male,Pune,India,Corporate,lakshmi.verma420@example.com,2024-08-16
C00421,Anjali Kumar,1983-02-01,Female,Chennai,India,Premium,anjali.kumar421@example.com,2020-09-24
C00422,Suresh Iyer,1969-04-22,Female,Trivandrum,India,Corporate,suresh.iyer422@example.com,2022-06-14
C00423,Priya Verma,1998-07-02,Other,Chennai,India,Corporate,priya.verma423@example.com,2023-04-10
C00424,Suresh Nair,1971-09-16,Female,Trivandrum,India,Corporate,suresh.nair424@example.com,2022-02-02
C00425,Sneha Nair,1998-04-25,Female,Kochi,India,Premium,sneha.nair425@example.com,2024-09-18
C00426,Ravi Reddy,1958-05-08,Male,Ahmedabad,India,Standard,ravi.reddy426@example.com,2025-07-26
C00427,Priya Verma,1981-05-30,Male,Ahmedabad,India,Standard,priya.verma427@example.com,2021-04-21
C00428,Ravi Patel,2002-10-12,Male,Kolkata,India,Premium,ravi.patel428@example.com,2020-04-25
C00429,Arun Kumar,1969-12-31,Male,Ahmedabad,India,Premium,arun.kumar429@example.com,2025-01-07
C00430,Anjali Joseph,1970-10-27,Other,Chennai,India,Corporate,anjali.joseph430@example.com,2020-04-12
C00431,Vivek Iyer,1960-10-21,Other,Bangalore,India,Premium,vivek.iyer431@example.com,2025-10-03
C00432,Arun Menon,1998-11-30,Female,Pune,India,Corporate,arun.menon432@example.com,2024-01-13
C00433,Suresh Joseph,1976-06-14,Male,Ahmedabad,India,Corporate,suresh.joseph433@example.com,2022-03-10
C00434,Neha Das,1973-10-23,Other,Delhi,India,Premium,neha.das434@example.com,2024-01-29
C00435,Amit Sharma,1998-01-16,Other,Ahmedabad,India,Premium,amit.sharma435@example.com,2022-05-17
C00436,Suresh Kumar,1981-09-10,Male,Trivandrum,India,Premium,suresh.kumar436@example.com,2025-09-18
C00437,Divya Singh,1977-04-28,Female,Bangalore,India,Standard,divya.singh437@example.com,2022-04-08
C00438,Rahul Nair,1973-06-11,Female,Hyderabad,India,Standard,rahul.nair438@example.com,2021-08-25
C00439,Anjali Menon,1965-06-19,Other,Bangalore,India,Corporate,anjali.menon439@example.com,2021-10-20
C00440,Kiran Iyer,1997-09-10,Female,Trivandrum,India,Corporate,kiran.iyer440@example.com,2026-05-05
C00441,Rahul Joseph,1971-03-04,Male,Ahmedabad,India,Premium,rahul.joseph441@example.com,2022-12-31
C00442,Amit Iyer,1983-12-15,Other,Trivandrum,India,Corporate,amit.iyer442@example.com,2020-05-12
C00443,Anjali Singh,1993-04-11,Female,Pune,India,Premium,anjali.singh443@example.com,2024-09-25
C00444,Neha Das,1990-09-24,Female,Bangalore,India,Premium,neha.das444@example.com,2025-12-04
C00445,Amit Patel,1973-05-02,Female,Delhi,India,Standard,amit.patel445@example.com,2025-10-09
C00446,Divya Singh,1988-03-10,Female,Delhi,India,Standard,divya.singh446@example.com,2019-12-23
C00447,Anjali Patel,1975-12-05,Other,Kochi,India,Premium,anjali.patel447@example.com,2022-03-14
C00448,Suresh Reddy,1967-02-06,Other,Delhi,India,Corporate,suresh.reddy448@example.com,2022-11-18
C00449,Anjali Patel,1987-09-18,Female,Mumbai,India,Premium,anjali.patel449@example.com,2019-11-15
C00450,Anjali Iyer,1961-09-06,Other,Mumbai,India,Standard,anjali.iyer450@example.com,2023-05-15
C00451,Vivek Iyer,1972-12-26,Male,Hyderabad,India,Corporate,vivek.iyer451@example.com,2022-03-25
C00452,Priya Joseph,2003-04-27,Other,Kolkata,India,Premium,priya.joseph452@example.com,2024-08-14
C00453,Divya Kumar,1999-07-12,Female,Delhi,India,Corporate,divya.kumar453@example.com,2023-05-15
C00454,Sneha Sharma,1983-01-24,Other,Hyderabad,India,Standard,sneha.sharma454@example.com,2023-12-03
C00455,Divya Iyer,1965-06-11,Other,Pune,India,Premium,divya.iyer455@example.com,2025-10-22
C00456,Meera Iyer,1968-03-16,Other,Kolkata,India,Standard,meera.iyer456@example.com,2020-12-14
C00457,Suresh Reddy,1998-02-09,Male,Kolkata,India,Standard,suresh.reddy457@example.com,2019-12-23
C00458,Ravi Singh,2001-10-04,Other,Mumbai,India,Corporate,ravi.singh458@example.com,2024-10-08
C00459,Ravi Singh,1967-02-11,Male,Pune,India,Standard,ravi.singh459@example.com,2022-12-01
C00460,Rahul Patel,1959-03-11,Other,Chennai,India,Corporate,rahul.patel460@example.com,2020-11-28
C00461,Divya Joseph,1972-03-02,Female,Chennai,India,Premium,divya.joseph461@example.com,2021-08-21
C00462,Suresh Singh,1992-03-17,Female,Ahmedabad,India,Standard,suresh.singh462@example.com,2021-01-09
C00463,Sneha Menon,1998-01-11,Male,Hyderabad,India,Corporate,sneha.menon463@example.com,2021-12-21
C00464,Anjali Reddy,1964-11-18,Male,Hyderabad,India,Corporate,anjali.reddy464@example.com,2022-10-15
C00465,Sneha Reddy,1966-06-04,Other,Delhi,India,Corporate,sneha.reddy465@example.com,2025-07-17
C00466,Sneha Reddy,2001-09-21,Other,Trivandrum,India,Standard,sneha.reddy466@example.com,2023-04-09
C00467,Arun Reddy,1983-11-07,Other,Trivandrum,India,Standard,arun.reddy467@example.com,2024-10-16
C00468,Kiran Sharma,1967-06-25,Female,Mumbai,India,Standard,kiran.sharma468@example.com,2020-05-10
C00469,Suresh Iyer,1966-12-18,Female,Bangalore,India,Standard,suresh.iyer469@example.com,2024-07-18
C00470,Divya Joseph,1967-03-13,Female,Chennai,India,Standard,divya.joseph470@example.com,2021-08-05
C00471,Divya Kumar,2000-02-13,Other,Chennai,India,Standard,divya.kumar471@example.com,2023-07-07
C00472,Suresh Thomas,1976-06-27,Male,Bangalore,India,Premium,suresh.thomas472@example.com,2022-07-14
C00473,Rahul Patel,1977-08-13,Other,Delhi,India,Premium,rahul.patel473@example.com,2020-09-19
C00474,Meera Iyer,1974-07-09,Female,Ahmedabad,India,Premium,meera.iyer474@example.com,2025-05-10
C00475,Meera Sharma,1998-02-16,Other,Hyderabad,India,Standard,meera.sharma475@example.com,2020-01-07
C00476,Vivek Menon,1995-03-29,Male,Chennai,India,Premium,vivek.menon476@example.com,2023-03-19
C00477,Divya Sharma,1968-03-18,Other,Kolkata,India,Standard,divya.sharma477@example.com,2022-04-12
C00478,Meera Iyer,1962-01-26,Other,Pune,India,Corporate,meera.iyer478@example.com,2024-07-21
C00479,Divya Singh,1990-10-06,Female,Bangalore,India,Premium,divya.singh479@example.com,2020-05-31
C00480,Anjali Sharma,2000-12-03,Female,Mumbai,India,Standard,anjali.sharma480@example.com,2021-07-30
C00481,Sneha Sharma,1960-05-21,Other,Chennai,India,Premium,sneha.sharma481@example.com,2022-05-01
C00482,Amit Singh,1965-11-29,Female,Delhi,India,Standard,amit.singh482@example.com,2021-12-22
C00483,Rahul Joseph,1979-07-12,Male,Kochi,India,Premium,rahul.joseph483@example.com,2024-02-29
C00484,Priya Thomas,1964-09-14,Other,Hyderabad,India,Corporate,priya.thomas484@example.com,2024-10-01
C00485,Suresh Das,1995-07-30,Other,Kolkata,India,Standard,suresh.das485@example.com,2020-11-27
C00486,Neha Thomas,2001-12-31,Other,Mumbai,India,Premium,neha.thomas486@example.com,2020-07-22
C00487,Kiran Kumar,1983-07-11,Female,Pune,India,Standard,kiran.kumar487@example.com,2025-06-27
C00488,Sneha Patel,1966-05-05,Male,Mumbai,India,Standard,sneha.patel488@example.com,2025-08-29
C00489,Priya Verma,1967-04-27,Male,Ahmedabad,India,Corporate,priya.verma489@example.com,2022-09-14
C00490,Anjali Kumar,1974-04-05,Other,Chennai,India,Premium,anjali.kumar490@example.com,2025-12-20
C00491,Meera Thomas,1979-06-24,Female,Bangalore,India,Corporate,meera.thomas491@example.com,2023-01-03
C00492,Neha Thomas,1968-10-21,Male,Trivandrum,India,Premium,neha.thomas492@example.com,2025-02-11
C00493,Lakshmi Singh,1983-05-02,Male,Bangalore,India,Corporate,lakshmi.singh493@example.com,2025-02-23
C00494,Vivek Kumar,1992-12-23,Other,Pune,India,Corporate,vivek.kumar494@example.com,2021-02-23
C00495,Neha Singh,1965-03-08,Male,Pune,India,Corporate,neha.singh495@example.com,2022-06-06
C00496,Suresh Menon,1980-10-09,Other,Pune,India,Premium,suresh.menon496@example.com,2020-11-08
C00497,Sneha Das,2005-07-05,Other,Mumbai,India,Standard,sneha.das497@example.com,2020-02-10
C00498,Divya Das,1957-10-14,Female,Mumbai,India,Standard,divya.das498@example.com,2025-12-04
C00499,Amit Kumar,1976-10-07,Female,Delhi,India,Premium,amit.kumar499@example.com,2023-08-17
C00500,Kiran Joseph,1962-03-11,Female,Bangalore,India,Corporate,kiran.joseph500@example.com,2020-04-15
C00501,Suresh Nair,1964-07-02,Male,Kochi,India,Standard,suresh.nair501@example.com,2025-07-09
C00502,Nikhil Sharma,2005-09-02,Female,Delhi,India,Standard,nikhil.sharma502@example.com,2021-07-08
C00503,Divya Sharma,1981-02-23,Male,Hyderabad,India,Corporate,divya.sharma503@example.com,2024-11-07
C00504,Vivek Patel,1990-11-19,Male,Trivandrum,India,Premium,vivek.patel504@example.com,2022-06-19
C00505,Ravi Patel,1997-07-20,Other,Chennai,India,Standard,ravi.patel505@example.com,2021-10-27
C00506,Arun Kumar,1993-10-29,Other,Delhi,India,Standard,arun.kumar506@example.com,2025-10-05
C00507,Kiran Singh,2005-01-03,Other,Delhi,India,Premium,kiran.singh507@example.com,2026-07-13
C00508,Lakshmi Menon,1962-11-16,Male,Pune,India,Standard,lakshmi.menon508@example.com,2025-02-25
C00509,Amit Menon,1977-08-15,Female,Trivandrum,India,Premium,amit.menon509@example.com,2025-06-24
C00510,Anjali Iyer,1999-08-06,Other,Bangalore,India,Corporate,anjali.iyer510@example.com,2025-01-12
C00511,Arun Joseph,1974-03-24,Other,Bangalore,India,Standard,arun.joseph511@example.com,2021-09-13
C00512,Ravi Verma,1966-01-16,Male,Bangalore,India,Standard,ravi.verma512@example.com,2022-01-07
C00513,Nikhil Menon,1971-04-13,Female,Bangalore,India,Premium,nikhil.menon513@example.com,2025-04-03
C00514,Vivek Sharma,1998-03-05,Male,Chennai,India,Corporate,vivek.sharma514@example.com,2023-07-13
C00515,Meera Joseph,2003-04-30,Other,Ahmedabad,India,Premium,meera.joseph515@example.com,2023-06-10
C00516,Priya Thomas,1988-10-22,Other,Ahmedabad,India,Premium,priya.thomas516@example.com,2020-12-02
C00517,Neha Singh,1961-05-02,Female,Kochi,India,Standard,neha.singh517@example.com,2023-12-14
C00518,Priya Das,1958-05-04,Male,Ahmedabad,India,Premium,priya.das518@example.com,2025-11-03
C00519,Nikhil Reddy,1967-12-23,Female,Bangalore,India,Corporate,nikhil.reddy519@example.com,2022-04-19
C00520,Ravi Sharma,2004-03-27,Other,Delhi,India,Standard,ravi.sharma520@example.com,2025-10-26
C00521,Arun Patel,2000-04-22,Female,Chennai,India,Corporate,arun.patel521@example.com,2026-03-10
C00522,Neha Singh,1967-09-25,Other,Kolkata,India,Premium,neha.singh522@example.com,2021-12-23
C00523,Rahul Singh,1992-01-13,Female,Kolkata,India,Standard,rahul.singh523@example.com,2020-08-09
C00524,Neha Menon,1991-10-17,Other,Kolkata,India,Premium,neha.menon524@example.com,2024-05-10
C00525,Amit Joseph,1966-06-26,Other,Trivandrum,India,Standard,amit.joseph525@example.com,2023-02-27
C00526,Arun Kumar,1995-04-30,Female,Trivandrum,India,Corporate,arun.kumar526@example.com,2021-10-06
C00527,Meera Nair,1995-01-07,Male,Hyderabad,India,Corporate,meera.nair527@example.com,2024-08-31
C00528,Anjali Verma,1961-03-13,Female,Kochi,India,Corporate,anjali.verma528@example.com,2024-10-18
C00529,Kiran Verma,1972-05-15,Male,Hyderabad,India,Corporate,kiran.verma529@example.com,2024-10-06
C00530,Suresh Patel,1975-09-05,Female,Trivandrum,India,Premium,suresh.patel530@example.com,2026-04-22
C00531,Kiran Menon,1998-10-26,Female,Hyderabad,India,Premium,kiran.menon531@example.com,2020-03-03
C00532,Kiran Reddy,1990-10-05,Female,Kochi,India,Standard,kiran.reddy532@example.com,2021-01-12
C00533,Neha Menon,1985-03-29,Other,Ahmedabad,India,Corporate,neha.menon533@example.com,2025-05-05
C00534,Arun Nair,2001-08-10,Female,Kochi,India,Premium,arun.nair534@example.com,2023-11-23
C00535,Amit Sharma,1968-02-10,Male,Bangalore,India,Premium,amit.sharma535@example.com,2026-03-29
C00536,Priya Iyer,1998-09-29,Other,Mumbai,India,Premium,priya.iyer536@example.com,2023-08-05
C00537,Rahul Thomas,1985-09-16,Other,Kochi,India,Standard,rahul.thomas537@example.com,2024-08-16
C00538,Amit Menon,1977-11-10,Female,Delhi,India,Standard,amit.menon538@example.com,2023-06-21
C00539,Kiran Das,1987-09-24,Female,Kochi,India,Corporate,kiran.das539@example.com,2022-07-01
C00540,Suresh Patel,1964-02-11,Female,Ahmedabad,India,Corporate,suresh.patel540@example.com,2023-12-01
C00541,Sneha Kumar,1992-03-23,Male,Kolkata,India,Premium,sneha.kumar541@example.com,2023-11-20
C00542,Arun Kumar,2004-11-14,Female,Kolkata,India,Standard,arun.kumar542@example.com,2022-10-02
C00543,Suresh Singh,1996-05-28,Male,Pune,India,Corporate,suresh.singh543@example.com,2023-03-10
C00544,Priya Iyer,1992-12-16,Other,Delhi,India,Premium,priya.iyer544@example.com,2025-12-18
C00545,Rahul Nair,1968-09-03,Other,Chennai,India,Premium,rahul.nair545@example.com,2020-10-22
C00546,Sneha Verma,1997-02-27,Other,Trivandrum,India,Standard,sneha.verma546@example.com,2020-02-15
C00547,Ravi Iyer,2000-02-23,Female,Trivandrum,India,Corporate,ravi.iyer547@example.com,2019-12-31
C00548,Anjali Kumar,1977-06-21,Female,Hyderabad,India,Corporate,anjali.kumar548@example.com,2023-09-16
C00549,Lakshmi Verma,1965-02-11,Female,Mumbai,India,Standard,lakshmi.verma549@example.com,2023-01-26
C00550,Rahul Kumar,1995-12-16,Male,Bangalore,India,Standard,rahul.kumar550@example.com,2020-01-30
C00551,Anjali Das,1969-04-06,Male,Delhi,India,Corporate,anjali.das551@example.com,2023-02-11
C00552,Vivek Kumar,1964-03-01,Female,Delhi,India,Standard,vivek.kumar552@example.com,2023-03-07
C00553,Rahul Sharma,1986-06-11,Female,Hyderabad,India,Standard,rahul.sharma553@example.com,2026-03-08
C00554,Rahul Verma,1970-03-08,Other,Chennai,India,Standard,rahul.verma554@example.com,2022-08-24
C00555,Ravi Patel,2002-12-11,Female,Hyderabad,India,Premium,ravi.patel555@example.com,2024-09-07
C00556,Kiran Verma,1997-03-27,Female,Kolkata,India,Standard,kiran.verma556@example.com,2023-11-01
C00557,Suresh Sharma,2000-03-14,Male,Trivandrum,India,Standard,suresh.sharma557@example.com,2026-07-03
C00558,Priya Iyer,1982-07-06,Male,Mumbai,India,Standard,priya.iyer558@example.com,2025-09-10
C00559,Rahul Kumar,1997-06-25,Female,Delhi,India,Standard,rahul.kumar559@example.com,2025-03-11
C00560,Arun Das,1966-11-15,Other,Kochi,India,Premium,arun.das560@example.com,2024-10-01
C00561,Sneha Nair,1990-03-25,Female,Pune,India,Standard,sneha.nair561@example.com,2021-11-07
C00562,Nikhil Sharma,1965-09-20,Male,Hyderabad,India,Standard,nikhil.sharma562@example.com,2023-07-01
C00563,Meera Joseph,1979-04-04,Female,Ahmedabad,India,Premium,meera.joseph563@example.com,2023-11-18
C00564,Nikhil Thomas,1997-11-11,Female,Delhi,India,Premium,nikhil.thomas564@example.com,2025-12-14
C00565,Anjali Iyer,1983-05-19,Other,Chennai,India,Corporate,anjali.iyer565@example.com,2020-09-27
C00566,Suresh Nair,1962-09-12,Other,Pune,India,Premium,suresh.nair566@example.com,2022-08-11
C00567,Vivek Joseph,1970-11-21,Female,Kolkata,India,Standard,vivek.joseph567@example.com,2023-01-11
C00568,Arun Reddy,2003-02-07,Female,Ahmedabad,India,Standard,arun.reddy568@example.com,2024-03-06
C00569,Suresh Das,1984-11-06,Male,Kolkata,India,Standard,suresh.das569@example.com,2022-08-17
C00570,Priya Singh,1957-11-08,Other,Chennai,India,Standard,priya.singh570@example.com,2023-08-25
C00571,Suresh Kumar,1973-11-25,Male,Ahmedabad,India,Standard,suresh.kumar571@example.com,2022-04-13
C00572,Priya Joseph,2003-03-15,Other,Mumbai,India,Corporate,priya.joseph572@example.com,2022-08-12
C00573,Vivek Joseph,1988-11-04,Female,Ahmedabad,India,Corporate,vivek.joseph573@example.com,2025-01-15
C00574,Neha Sharma,1997-08-20,Male,Delhi,India,Standard,neha.sharma574@example.com,2026-03-18
C00575,Meera Kumar,1962-11-07,Male,Kochi,India,Premium,meera.kumar575@example.com,2020-09-24
C00576,Nikhil Joseph,1975-03-01,Other,Chennai,India,Standard,nikhil.joseph576@example.com,2025-03-04
C00577,Nikhil Reddy,1992-06-24,Other,Kochi,India,Corporate,nikhil.reddy577@example.com,2026-05-23
C00578,Nikhil Sharma,1972-12-30,Male,Trivandrum,India,Premium,nikhil.sharma578@example.com,2020-09-25
C00579,Divya Singh,1996-09-01,Female,Pune,India,Premium,divya.singh579@example.com,2020-01-24
C00580,Vivek Sharma,1962-01-09,Other,Bangalore,India,Premium,vivek.sharma580@example.com,2021-09-26
C00581,Anjali Verma,1985-09-14,Other,Kolkata,India,Corporate,anjali.verma581@example.com,2022-08-20
C00582,Lakshmi Sharma,1979-04-24,Male,Pune,India,Standard,lakshmi.sharma582@example.com,2023-03-13
C00583,Divya Nair,2002-10-29,Male,Ahmedabad,India,Corporate,divya.nair583@example.com,2022-03-31
C00584,Vivek Joseph,1996-05-23,Female,Chennai,India,Standard,vivek.joseph584@example.com,2020-04-17
C00585,Vivek Verma,1974-08-14,Female,Trivandrum,India,Standard,vivek.verma585@example.com,2023-12-20
C00586,Ravi Menon,2004-09-16,Female,Mumbai,India,Standard,ravi.menon586@example.com,2021-08-17
C00587,Priya Verma,1982-09-15,Male,Trivandrum,India,Corporate,priya.verma587@example.com,2022-09-15
C00588,Arun Nair,1968-01-31,Male,Pune,India,Premium,arun.nair588@example.com,2021-09-21
C00589,Sneha Iyer,1972-01-22,Male,Mumbai,India,Premium,sneha.iyer589@example.com,2020-07-06
C00590,Suresh Joseph,1965-03-31,Male,Chennai,India,Standard,suresh.joseph590@example.com,2024-10-23
C00591,Neha Nair,1996-05-03,Male,Mumbai,India,Premium,neha.nair591@example.com,2023-09-16
C00592,Anjali Iyer,1997-05-19,Female,Bangalore,India,Corporate,anjali.iyer592@example.com,2025-10-17
C00593,Meera Das,1990-12-06,Other,Kochi,India,Premium,meera.das593@example.com,2021-10-19
C00594,Anjali Nair,1987-04-17,Male,Trivandrum,India,Premium,anjali.nair594@example.com,2022-12-03
C00595,Divya Thomas,1980-06-23,Female,Kolkata,India,Standard,divya.thomas595@example.com,2023-08-30
C00596,Rahul Nair,1961-09-08,Male,Pune,India,Standard,rahul.nair596@example.com,2020-03-23
C00597,Vivek Nair,1979-04-23,Other,Pune,India,Corporate,vivek.nair597@example.com,2025-08-27
C00598,Meera Das,2003-06-04,Male,Chennai,India,Standard,meera.das598@example.com,2025-07-19
C00599,Ravi Patel,1995-05-16,Female,Trivandrum,India,Premium,ravi.patel599@example.com,2021-04-29
C00600,Sneha Das,1956-12-01,Female,Hyderabad,India,Standard,sneha.das600@example.com,2025-08-12
C00601,Vivek Iyer,1965-09-27,Male,Mumbai,India,Premium,vivek.iyer601@example.com,2024-07-17
C00602,Sneha Das,1981-08-21,Other,Hyderabad,India,Standard,sneha.das602@example.com,2024-02-06
C00603,Anjali Verma,1974-11-21,Other,Trivandrum,India,Premium,anjali.verma603@example.com,2025-09-03
C00604,Suresh Joseph,2000-04-05,Female,Chennai,India,Corporate,suresh.joseph604@example.com,2020-06-05
C00605,Amit Thomas,1984-08-04,Female,Delhi,India,Premium,amit.thomas605@example.com,2020-03-19
C00606,Rahul Iyer,1959-05-14,Other,Kochi,India,Corporate,rahul.iyer606@example.com,2021-01-02
C00607,Meera Sharma,1990-03-23,Male,Trivandrum,India,Standard,meera.sharma607@example.com,2021-08-07
C00608,Suresh Kumar,1967-10-01,Male,Bangalore,India,Corporate,suresh.kumar608@example.com,2026-02-27
C00609,Amit Kumar,1982-08-06,Female,Bangalore,India,Corporate,amit.kumar609@example.com,2019-12-18
C00610,Nikhil Menon,1970-01-31,Other,Trivandrum,India,Premium,nikhil.menon610@example.com,2022-04-14
C00611,Lakshmi Patel,2004-08-15,Other,Kolkata,India,Corporate,lakshmi.patel611@example.com,2021-07-01
C00612,Meera Thomas,1968-07-20,Male,Pune,India,Standard,meera.thomas612@example.com,2025-05-17
C00613,Meera Joseph,1996-04-03,Other,Ahmedabad,India,Standard,meera.joseph613@example.com,2025-07-06
C00614,Suresh Patel,1968-11-13,Female,Kolkata,India,Premium,suresh.patel614@example.com,2022-10-12
C00615,Ravi Das,2002-05-16,Male,Ahmedabad,India,Premium,ravi.das615@example.com,2021-05-01
C00616,Amit Sharma,2002-04-03,Female,Ahmedabad,India,Premium,amit.sharma616@example.com,2022-02-17
C00617,Divya Kumar,1981-08-21,Female,Kochi,India,Standard,divya.kumar617@example.com,2021-04-22
C00618,Vivek Patel,1961-08-17,Other,Hyderabad,India,Corporate,vivek.patel618@example.com,2023-06-29
C00619,Rahul Kumar,1965-12-24,Female,Bangalore,India,Premium,rahul.kumar619@example.com,2023-04-08
C00620,Divya Iyer,1988-11-14,Female,Ahmedabad,India,Standard,divya.iyer620@example.com,2025-08-20
C00621,Nikhil Iyer,1972-03-09,Male,Delhi,India,Corporate,nikhil.iyer621@example.com,2020-11-04
C00622,Suresh Sharma,1960-04-07,Female,Trivandrum,India,Standard,suresh.sharma622@example.com,2023-02-23
C00623,Suresh Thomas,1990-02-22,Male,Ahmedabad,India,Standard,suresh.thomas623@example.com,2026-04-24
C00624,Lakshmi Nair,1964-10-13,Male,Chennai,India,Premium,lakshmi.nair624@example.com,2026-04-07
C00625,Divya Kumar,1964-02-01,Other,Hyderabad,India,Premium,divya.kumar625@example.com,2022-07-04
C00626,Ravi Menon,1972-04-26,Female,Kochi,India,Corporate,ravi.menon626@example.com,2023-12-04
C00627,Sneha Sharma,1974-05-10,Female,Delhi,India,Standard,sneha.sharma627@example.com,2020-01-21
C00628,Lakshmi Patel,2003-04-09,Female,Trivandrum,India,Standard,lakshmi.patel628@example.com,2023-06-10
C00629,Anjali Joseph,1985-07-15,Other,Chennai,India,Standard,anjali.joseph629@example.com,2024-02-26
C00630,Neha Singh,2003-12-07,Other,Pune,India,Standard,neha.singh630@example.com,2020-11-17
C00631,Sneha Sharma,2004-12-21,Male,Bangalore,India,Premium,sneha.sharma631@example.com,2019-11-23
C00632,Meera Patel,1971-12-16,Female,Hyderabad,India,Premium,meera.patel632@example.com,2021-11-19
C00633,Neha Kumar,1959-01-09,Other,Delhi,India,Premium,neha.kumar633@example.com,2023-04-01
C00634,Meera Menon,1972-02-28,Other,Kochi,India,Corporate,meera.menon634@example.com,2020-11-24
C00635,Meera Joseph,1996-01-13,Female,Hyderabad,India,Standard,meera.joseph635@example.com,2023-04-16
C00636,Vivek Patel,1982-04-21,Other,Mumbai,India,Corporate,vivek.patel636@example.com,2023-07-13
C00637,Nikhil Singh,1992-04-13,Other,Hyderabad,India,Standard,nikhil.singh637@example.com,2024-07-10
C00638,Nikhil Nair,1977-01-22,Other,Ahmedabad,India,Standard,nikhil.nair638@example.com,2022-02-07
C00639,Divya Nair,1982-06-17,Female,Delhi,India,Premium,divya.nair639@example.com,2023-04-28
C00640,Amit Verma,1988-09-10,Female,Kochi,India,Corporate,amit.verma640@example.com,2020-02-05
C00641,Divya Kumar,1973-07-27,Other,Kolkata,India,Premium,divya.kumar641@example.com,2021-04-20
C00642,Lakshmi Sharma,1979-05-18,Male,Kolkata,India,Premium,lakshmi.sharma642@example.com,2024-08-09
C00643,Anjali Verma,1989-04-23,Other,Hyderabad,India,Premium,anjali.verma643@example.com,2020-05-14
C00644,Ravi Menon,1985-09-11,Other,Chennai,India,Premium,ravi.menon644@example.com,2022-08-26
C00645,Amit Reddy,1979-05-09,Female,Mumbai,India,Standard,amit.reddy645@example.com,2023-09-18
C00646,Sneha Nair,1999-05-06,Female,Ahmedabad,India,Standard,sneha.nair646@example.com,2020-02-17
C00647,Kiran Menon,1978-12-19,Female,Pune,India,Standard,kiran.menon647@example.com,2020-09-10
C00648,Lakshmi Sharma,1974-12-28,Female,Bangalore,India,Corporate,lakshmi.sharma648@example.com,2024-05-22
C00649,Nikhil Das,1989-07-21,Male,Bangalore,India,Premium,nikhil.das649@example.com,2023-02-02
C00650,Vivek Singh,2000-07-12,Male,Bangalore,India,Premium,vivek.singh650@example.com,2023-02-14
C00651,Neha Kumar,1991-07-09,Female,Bangalore,India,Standard,neha.kumar651@example.com,2020-03-04
C00652,Anjali Joseph,1969-07-17,Female,Pune,India,Premium,anjali.joseph652@example.com,2021-10-27
C00653,Amit Nair,1987-11-04,Other,Kochi,India,Premium,amit.nair653@example.com,2020-08-25
C00654,Arun Reddy,2004-02-15,Other,Kolkata,India,Standard,arun.reddy654@example.com,2024-07-01
C00655,Ravi Verma,1974-11-03,Female,Chennai,India,Standard,ravi.verma655@example.com,2024-02-06
C00656,Rahul Iyer,1978-04-09,Male,Kolkata,India,Standard,rahul.iyer656@example.com,2020-01-13
C00657,Lakshmi Nair,1964-10-30,Other,Hyderabad,India,Corporate,lakshmi.nair657@example.com,2023-05-17
C00658,Meera Thomas,1993-09-23,Female,Mumbai,India,Premium,meera.thomas658@example.com,2021-10-09
C00659,Vivek Kumar,2004-01-07,Male,Bangalore,India,Standard,vivek.kumar659@example.com,2022-02-10
C00660,Divya Sharma,1960-06-17,Male,Chennai,India,Standard,divya.sharma660@example.com,2026-05-23
C00661,Vivek Verma,1982-10-14,Other,Kochi,India,Corporate,vivek.verma661@example.com,2022-06-06
C00662,Arun Joseph,2003-12-18,Male,Kochi,India,Corporate,arun.joseph662@example.com,2025-06-04
C00663,Rahul Iyer,1994-08-24,Other,Delhi,India,Premium,rahul.iyer663@example.com,2022-05-16
C00664,Sneha Verma,2004-11-24,Female,Bangalore,India,Premium,sneha.verma664@example.com,2024-05-01
C00665,Ravi Menon,1993-06-05,Female,Kolkata,India,Standard,ravi.menon665@example.com,2023-08-11
C00666,Kiran Verma,1980-05-15,Male,Ahmedabad,India,Standard,kiran.verma666@example.com,2025-04-25
C00667,Sneha Kumar,1982-02-20,Other,Ahmedabad,India,Standard,sneha.kumar667@example.com,2024-05-24
C00668,Vivek Verma,1991-05-06,Male,Pune,India,Corporate,vivek.verma668@example.com,2023-04-29
C00669,Sneha Kumar,1984-09-10,Male,Delhi,India,Standard,sneha.kumar669@example.com,2022-12-05
C00670,Ravi Menon,1961-05-28,Male,Trivandrum,India,Standard,ravi.menon670@example.com,2020-03-13
C00671,Suresh Thomas,1982-10-10,Other,Trivandrum,India,Standard,suresh.thomas671@example.com,2025-07-02
C00672,Sneha Patel,2001-03-28,Male,Hyderabad,India,Standard,sneha.patel672@example.com,2021-06-06
C00673,Lakshmi Nair,1977-09-05,Female,Hyderabad,India,Corporate,lakshmi.nair673@example.com,2022-08-06
C00674,Rahul Menon,1993-04-26,Other,Kochi,India,Corporate,rahul.menon674@example.com,2026-07-12
C00675,Anjali Reddy,1981-08-30,Other,Mumbai,India,Standard,anjali.reddy675@example.com,2021-09-23
C00676,Vivek Reddy,1969-10-11,Female,Bangalore,India,Premium,vivek.reddy676@example.com,2025-05-11
C00677,Neha Iyer,1990-10-08,Male,Delhi,India,Standard,neha.iyer677@example.com,2021-11-27
C00678,Divya Verma,1996-06-05,Female,Kochi,India,Corporate,divya.verma678@example.com,2024-11-06
C00679,Sneha Joseph,1971-08-31,Female,Delhi,India,Corporate,sneha.joseph679@example.com,2024-08-08
C00680,Arun Singh,1961-12-10,Male,Bangalore,India,Premium,arun.singh680@example.com,2021-03-21
C00681,Sneha Nair,1977-07-17,Male,Trivandrum,India,Corporate,sneha.nair681@example.com,2023-09-14
C00682,Lakshmi Singh,1985-08-21,Other,Kolkata,India,Premium,lakshmi.singh682@example.com,2020-03-03
C00683,Kiran Thomas,1966-11-25,Other,Ahmedabad,India,Corporate,kiran.thomas683@example.com,2025-07-26
C00684,Priya Das,1992-05-24,Other,Mumbai,India,Corporate,priya.das684@example.com,2022-04-27
C00685,Arun Nair,1963-08-19,Female,Bangalore,India,Standard,arun.nair685@example.com,2020-12-19
C00686,Rahul Das,1976-01-18,Female,Mumbai,India,Standard,rahul.das686@example.com,2023-12-08
C00687,Kiran Kumar,1969-07-21,Male,Kolkata,India,Standard,kiran.kumar687@example.com,2022-05-23
C00688,Sneha Das,1997-11-01,Female,Ahmedabad,India,Premium,sneha.das688@example.com,2021-08-11
C00689,Vivek Menon,1996-07-10,Female,Delhi,India,Premium,vivek.menon689@example.com,2026-06-09
C00690,Arun Thomas,1997-07-30,Other,Kolkata,India,Corporate,arun.thomas690@example.com,2026-08-20
C00691,Ravi Patel,1987-03-05,Other,Kolkata,India,Corporate,ravi.patel691@example.com,2020-04-30
C00692,Sneha Reddy,1985-09-25,Female,Mumbai,India,Premium,sneha.reddy692@example.com,2026-01-10
C00693,Kiran Joseph,1973-02-20,Other,Ahmedabad,India,Premium,kiran.joseph693@example.com,2021-05-01
C00694,Rahul Menon,1975-02-09,Female,Chennai,India,Corporate,rahul.menon694@example.com,2026-08-12
C00695,Suresh Patel,1972-03-10,Other,Kolkata,India,Standard,suresh.patel695@example.com,2020-10-12
C00696,Arun Sharma,1969-01-07,Male,Delhi,India,Premium,arun.sharma696@example.com,2025-01-22
C00697,Meera Kumar,1970-06-26,Male,Chennai,India,Premium,meera.kumar697@example.com,2025-04-13
C00698,Lakshmi Kumar,1968-07-19,Male,Mumbai,India,Corporate,lakshmi.kumar698@example.com,2025-06-05
C00699,Lakshmi Singh,1965-04-25,Female,Ahmedabad,India,Corporate,lakshmi.singh699@example.com,2025-04-03
C00700,Meera Thomas,2005-05-05,Other,Bangalore,India,Corporate,meera.thomas700@example.com,2021-01-15
C00701,Arun Thomas,1962-05-29,Other,Pune,India,Standard,arun.thomas701@example.com,2020-01-28
C00702,Divya Joseph,1996-06-10,Female,Bangalore,India,Corporate,divya.joseph702@example.com,2025-03-13
C00703,Meera Joseph,1971-03-23,Female,Mumbai,India,Corporate,meera.joseph703@example.com,2020-12-25
C00704,Nikhil Verma,1970-01-14,Female,Chennai,India,Premium,nikhil.verma704@example.com,2023-07-27
C00705,Sneha Sharma,1959-10-10,Female,Bangalore,India,Corporate,sneha.sharma705@example.com,2022-01-03
C00706,Kiran Reddy,1987-09-17,Male,Kolkata,India,Corporate,kiran.reddy706@example.com,2024-03-13
C00707,Divya Patel,1989-10-12,Other,Mumbai,India,Corporate,divya.patel707@example.com,2025-02-23
C00708,Divya Singh,1974-02-17,Other,Mumbai,India,Premium,divya.singh708@example.com,2025-05-05
C00709,Meera Joseph,1980-01-30,Female,Pune,India,Standard,meera.joseph709@example.com,2020-08-25
C00710,Kiran Menon,1992-09-10,Male,Kochi,India,Corporate,kiran.menon710@example.com,2022-05-13
C00711,Arun Kumar,1980-01-08,Other,Hyderabad,India,Premium,arun.kumar711@example.com,2024-10-30
C00712,Anjali Nair,1957-03-07,Male,Hyderabad,India,Premium,anjali.nair712@example.com,2024-05-07
C00713,Lakshmi Das,1985-08-10,Other,Trivandrum,India,Corporate,lakshmi.das713@example.com,2020-05-02
C00714,Kiran Iyer,1979-12-05,Other,Chennai,India,Corporate,kiran.iyer714@example.com,2020-11-27
C00715,Arun Iyer,1977-09-06,Other,Pune,India,Standard,arun.iyer715@example.com,2021-12-18
C00716,Arun Verma,1965-12-25,Male,Hyderabad,India,Corporate,arun.verma716@example.com,2024-05-11
C00717,Divya Verma,1988-02-09,Other,Mumbai,India,Standard,divya.verma717@example.com,2020-01-14
C00718,Neha Das,1988-12-16,Male,Bangalore,India,Corporate,neha.das718@example.com,2025-10-19
C00719,Kiran Menon,1967-04-16,Female,Pune,India,Corporate,kiran.menon719@example.com,2026-03-07
C00720,Neha Sharma,1982-11-08,Male,Bangalore,India,Premium,neha.sharma720@example.com,2020-02-01
C00721,Sneha Verma,1991-12-11,Female,Bangalore,India,Corporate,sneha.verma721@example.com,2026-03-10
C00722,Arun Singh,1961-09-21,Other,Ahmedabad,India,Corporate,arun.singh722@example.com,2023-04-05
C00723,Vivek Menon,1985-12-31,Male,Mumbai,India,Corporate,vivek.menon723@example.com,2020-09-28
C00724,Rahul Thomas,1957-01-04,Other,Bangalore,India,Premium,rahul.thomas724@example.com,2021-12-21
C00725,Rahul Reddy,1975-12-16,Female,Chennai,India,Premium,rahul.reddy725@example.com,2024-03-30
C00726,Neha Kumar,1963-02-17,Other,Ahmedabad,India,Corporate,neha.kumar726@example.com,2020-09-08
C00727,Arun Menon,1984-03-03,Other,Mumbai,India,Corporate,arun.menon727@example.com,2021-08-21
C00728,Nikhil Joseph,1976-12-09,Female,Chennai,India,Standard,nikhil.joseph728@example.com,2026-03-10
C00729,Amit Patel,2003-07-08,Other,Kolkata,India,Premium,amit.patel729@example.com,2023-06-19
C00730,Kiran Thomas,2001-10-19,Female,Delhi,India,Corporate,kiran.thomas730@example.com,2021-03-06
C00731,Priya Reddy,1997-02-14,Male,Kolkata,India,Corporate,priya.reddy731@example.com,2025-09-17
C00732,Kiran Nair,1986-08-10,Other,Trivandrum,India,Premium,kiran.nair732@example.com,2024-04-09
C00733,Lakshmi Menon,1966-09-08,Other,Chennai,India,Standard,lakshmi.menon733@example.com,2020-08-09
C00734,Divya Singh,1964-07-14,Other,Bangalore,India,Premium,divya.singh734@example.com,2026-05-15
C00735,Arun Menon,1989-10-06,Female,Trivandrum,India,Corporate,arun.menon735@example.com,2026-01-10
C00736,Rahul Joseph,1969-02-28,Female,Chennai,India,Premium,rahul.joseph736@example.com,2023-09-26
C00737,Ravi Iyer,2004-03-20,Female,Pune,India,Corporate,ravi.iyer737@example.com,2023-02-02
C00738,Rahul Thomas,2001-08-25,Other,Kochi,India,Standard,rahul.thomas738@example.com,2025-12-04
C00739,Vivek Thomas,1978-09-12,Other,Trivandrum,India,Standard,vivek.thomas739@example.com,2023-05-21
C00740,Neha Das,2002-12-20,Female,Pune,India,Standard,neha.das740@example.com,2022-03-16
C00741,Kiran Kumar,1956-10-09,Female,Bangalore,India,Corporate,kiran.kumar741@example.com,2022-04-02
C00742,Anjali Patel,1993-01-18,Male,Mumbai,India,Standard,anjali.patel742@example.com,2026-07-06
C00743,Arun Joseph,1957-07-17,Other,Ahmedabad,India,Standard,arun.joseph743@example.com,2022-03-20
C00744,Neha Kumar,1968-09-17,Other,Mumbai,India,Corporate,neha.kumar744@example.com,2024-04-05
C00745,Anjali Sharma,1983-01-22,Male,Bangalore,India,Standard,anjali.sharma745@example.com,2024-02-28
C00746,Anjali Singh,1964-05-08,Other,Ahmedabad,India,Corporate,anjali.singh746@example.com,2026-01-10
C00747,Rahul Patel,1996-12-03,Male,Trivandrum,India,Corporate,rahul.patel747@example.com,2023-10-29
C00748,Meera Das,1994-03-25,Other,Mumbai,India,Corporate,meera.das748@example.com,2022-08-19
C00749,Priya Menon,1988-05-16,Female,Hyderabad,India,Premium,priya.menon749@example.com,2025-11-08
C00750,Sneha Reddy,1992-01-23,Other,Ahmedabad,India,Corporate,sneha.reddy750@example.com,2023-03-17
C00751,Vivek Reddy,2005-04-19,Female,Pune,India,Standard,vivek.reddy751@example.com,2024-09-29
C00752,Suresh Kumar,1973-06-25,Male,Pune,India,Corporate,suresh.kumar752@example.com,2023-07-14
C00753,Divya Reddy,1965-10-11,Female,Delhi,India,Premium,divya.reddy753@example.com,2021-06-12
C00754,Sneha Thomas,1998-05-18,Female,Trivandrum,India,Standard,sneha.thomas754@example.com,2024-08-31
C00755,Nikhil Thomas,1998-11-15,Other,Chennai,India,Standard,nikhil.thomas755@example.com,2023-09-07
C00756,Nikhil Nair,1969-05-21,Other,Kolkata,India,Standard,nikhil.nair756@example.com,2026-04-15
C00757,Nikhil Nair,1956-12-22,Other,Kolkata,India,Premium,nikhil.nair757@example.com,2023-09-18
C00758,Ravi Sharma,1985-09-12,Other,Mumbai,India,Corporate,ravi.sharma758@example.com,2022-03-27
C00759,Lakshmi Patel,1960-10-10,Other,Bangalore,India,Standard,lakshmi.patel759@example.com,2021-06-04
C00760,Amit Reddy,1984-04-20,Other,Kolkata,India,Corporate,amit.reddy760@example.com,2026-07-08
C00761,Anjali Thomas,1991-06-13,Male,Bangalore,India,Corporate,anjali.thomas761@example.com,2021-08-19
C00762,Meera Singh,1973-07-17,Male,Bangalore,India,Standard,meera.singh762@example.com,2021-03-19
C00763,Suresh Das,1982-01-06,Female,Chennai,India,Standard,suresh.das763@example.com,2025-12-06
C00764,Arun Singh,1973-04-28,Female,Chennai,India,Premium,arun.singh764@example.com,2020-10-29
C00765,Nikhil Das,1976-08-28,Male,Kochi,India,Corporate,nikhil.das765@example.com,2026-03-10
C00766,Kiran Singh,1956-11-23,Other,Hyderabad,India,Standard,kiran.singh766@example.com,2023-09-07
C00767,Amit Singh,1998-10-01,Other,Pune,India,Premium,amit.singh767@example.com,2022-07-16
C00768,Amit Kumar,1974-01-27,Female,Kolkata,India,Premium,amit.kumar768@example.com,2022-01-31
C00769,Suresh Das,1960-09-16,Male,Ahmedabad,India,Premium,suresh.das769@example.com,2026-07-24
C00770,Anjali Kumar,1980-07-16,Male,Trivandrum,India,Standard,anjali.kumar770@example.com,2020-11-12
C00771,Anjali Sharma,1995-02-12,Other,Mumbai,India,Standard,anjali.sharma771@example.com,2019-11-20
C00772,Amit Reddy,1962-10-11,Female,Trivandrum,India,Standard,amit.reddy772@example.com,2021-03-27
C00773,Meera Sharma,1983-11-15,Male,Pune,India,Standard,meera.sharma773@example.com,2026-05-21
C00774,Meera Joseph,1959-09-28,Male,Bangalore,India,Corporate,meera.joseph774@example.com,2025-02-15
C00775,Anjali Nair,1989-07-31,Other,Bangalore,India,Premium,anjali.nair775@example.com,2023-09-28
C00776,Meera Joseph,1998-01-15,Male,Kochi,India,Premium,meera.joseph776@example.com,2023-06-16
C00777,Meera Das,1986-01-19,Female,Delhi,India,Corporate,meera.das777@example.com,2024-09-21
C00778,Anjali Joseph,1982-01-01,Male,Bangalore,India,Corporate,anjali.joseph778@example.com,2020-11-27
C00779,Ravi Reddy,1999-07-23,Male,Delhi,India,Premium,ravi.reddy779@example.com,2019-12-12
C00780,Amit Sharma,1987-07-31,Other,Trivandrum,India,Corporate,amit.sharma780@example.com,2026-06-14
C00781,Ravi Iyer,1989-10-25,Female,Bangalore,India,Corporate,ravi.iyer781@example.com,2025-07-22
C00782,Meera Nair,1995-03-11,Male,Kolkata,India,Premium,meera.nair782@example.com,2020-12-28
C00783,Ravi Sharma,2005-08-16,Other,Ahmedabad,India,Corporate,ravi.sharma783@example.com,2020-08-03
C00784,Amit Thomas,2001-11-01,Other,Pune,India,Corporate,amit.thomas784@example.com,2022-06-25
C00785,Amit Kumar,1974-04-15,Other,Delhi,India,Corporate,amit.kumar785@example.com,2022-05-12
C00786,Nikhil Verma,1967-07-24,Male,Ahmedabad,India,Premium,nikhil.verma786@example.com,2025-07-16
C00787,Sneha Kumar,1956-12-14,Female,Trivandrum,India,Premium,sneha.kumar787@example.com,2023-06-17
C00788,Priya Nair,1958-11-08,Male,Kochi,India,Corporate,priya.nair788@example.com,2020-02-26
C00789,Arun Iyer,1969-01-19,Female,Chennai,India,Standard,arun.iyer789@example.com,2023-02-04
C00790,Anjali Iyer,1982-04-16,Other,Ahmedabad,India,Premium,anjali.iyer790@example.com,2023-10-17
C00791,Meera Reddy,1970-01-28,Male,Ahmedabad,India,Premium,meera.reddy791@example.com,2023-07-19
C00792,Kiran Thomas,1972-07-08,Other,Delhi,India,Corporate,kiran.thomas792@example.com,2024-08-18
C00793,Sneha Patel,1974-11-03,Other,Hyderabad,India,Premium,sneha.patel793@example.com,2020-02-27
C00794,Divya Sharma,1965-08-31,Other,Trivandrum,India,Standard,divya.sharma794@example.com,2024-01-22
C00795,Rahul Kumar,1975-05-16,Other,Kolkata,India,Corporate,rahul.kumar795@example.com,2022-02-22
C00796,Divya Singh,1970-10-28,Other,Kochi,India,Standard,divya.singh796@example.com,2024-10-31
C00797,Suresh Menon,1966-09-03,Male,Bangalore,India,Standard,suresh.menon797@example.com,2021-05-07
C00798,Neha Kumar,2002-05-06,Other,Mumbai,India,Premium,neha.kumar798@example.com,2025-09-27
C00799,Nikhil Iyer,1980-01-12,Other,Ahmedabad,India,Corporate,nikhil.iyer799@example.com,2020-10-16
C00800,Arun Sharma,2004-10-09,Male,Delhi,India,Corporate,arun.sharma800@example.com,2021-09-17
C00801,Nikhil Thomas,2002-09-19,Other,Hyderabad,India,Corporate,nikhil.thomas801@example.com,2024-06-14
C00802,Kiran Verma,2002-07-01,Female,Chennai,India,Standard,kiran.verma802@example.com,2024-09-25
C00803,Ravi Nair,1980-12-23,Female,Bangalore,India,Premium,ravi.nair803@example.com,2025-08-30
C00804,Ravi Iyer,1987-10-06,Other,Pune,India,Standard,ravi.iyer804@example.com,2020-01-24
C00805,Divya Verma,1980-03-17,Other,Trivandrum,India,Corporate,divya.verma805@example.com,2025-08-16
C00806,Nikhil Joseph,1980-12-04,Male,Mumbai,India,Corporate,nikhil.joseph806@example.com,2022-09-27
C00807,Priya Das,2005-04-25,Female,Pune,India,Standard,priya.das807@example.com,2020-03-10
C00808,Amit Thomas,1999-03-29,Other,Trivandrum,India,Premium,amit.thomas808@example.com,2020-05-15
C00809,Vivek Menon,1957-06-22,Other,Kolkata,India,Premium,vivek.menon809@example.com,2023-09-30
C00810,Divya Das,1962-05-06,Male,Pune,India,Premium,divya.das810@example.com,2020-04-27
C00811,Suresh Das,2003-04-12,Female,Delhi,India,Standard,suresh.das811@example.com,2020-01-21
C00812,Neha Menon,1985-02-07,Female,Pune,India,Premium,neha.menon812@example.com,2024-03-01
C00813,Vivek Thomas,1982-02-08,Male,Kolkata,India,Premium,vivek.thomas813@example.com,2026-07-12
C00814,Rahul Iyer,1989-09-20,Female,Mumbai,India,Premium,rahul.iyer814@example.com,2025-10-13
C00815,Vivek Kumar,1989-05-02,Other,Ahmedabad,India,Corporate,vivek.kumar815@example.com,2023-08-14
C00816,Nikhil Kumar,1984-08-30,Other,Delhi,India,Standard,nikhil.kumar816@example.com,2024-05-25
C00817,Lakshmi Patel,1987-07-17,Male,Chennai,India,Corporate,lakshmi.patel817@example.com,2024-01-25
C00818,Vivek Sharma,1998-09-10,Other,Trivandrum,India,Corporate,vivek.sharma818@example.com,2025-04-16
C00819,Sneha Joseph,2001-12-10,Female,Kochi,India,Premium,sneha.joseph819@example.com,2020-07-25
C00820,Meera Reddy,1981-01-31,Female,Delhi,India,Standard,meera.reddy820@example.com,2020-03-11
C00821,Suresh Thomas,1985-10-22,Other,Hyderabad,India,Standard,suresh.thomas821@example.com,2022-03-05
C00822,Arun Thomas,1957-03-21,Male,Pune,India,Corporate,arun.thomas822@example.com,2021-04-09
C00823,Vivek Iyer,1994-12-07,Other,Bangalore,India,Corporate,vivek.iyer823@example.com,2021-07-05
C00824,Sneha Reddy,1986-10-29,Female,Kochi,India,Corporate,sneha.reddy824@example.com,2026-07-03
C00825,Rahul Reddy,1988-12-10,Other,Mumbai,India,Premium,rahul.reddy825@example.com,2023-09-22
C00826,Priya Patel,1972-11-26,Male,Delhi,India,Premium,priya.patel826@example.com,2022-10-15
C00827,Amit Kumar,1972-12-24,Female,Pune,India,Premium,amit.kumar827@example.com,2022-06-18
C00828,Sneha Sharma,1985-03-24,Male,Ahmedabad,India,Corporate,sneha.sharma828@example.com,2025-03-01
C00829,Neha Kumar,1971-07-25,Male,Kolkata,India,Standard,neha.kumar829@example.com,2021-10-15
C00830,Suresh Verma,2004-11-09,Male,Bangalore,India,Premium,suresh.verma830@example.com,2021-05-01
C00831,Sneha Sharma,1977-05-29,Female,Kolkata,India,Premium,sneha.sharma831@example.com,2020-08-24
C00832,Neha Thomas,1969-12-28,Male,Ahmedabad,India,Corporate,neha.thomas832@example.com,2026-02-06
C00833,Anjali Nair,1962-12-24,Other,Chennai,India,Standard,anjali.nair833@example.com,2023-10-14
C00834,Sneha Verma,1973-05-07,Female,Mumbai,India,Corporate,sneha.verma834@example.com,2023-09-21
C00835,Kiran Patel,1968-10-16,Male,Mumbai,India,Premium,kiran.patel835@example.com,2026-05-31
C00836,Lakshmi Singh,1957-06-05,Male,Ahmedabad,India,Premium,lakshmi.singh836@example.com,2024-05-28
C00837,Vivek Reddy,1965-08-20,Male,Kolkata,India,Premium,vivek.reddy837@example.com,2021-03-03
C00838,Meera Patel,1990-09-12,Other,Delhi,India,Premium,meera.patel838@example.com,2025-01-04
C00839,Amit Singh,1969-06-02,Male,Ahmedabad,India,Standard,amit.singh839@example.com,2020-03-23
C00840,Anjali Reddy,1977-04-21,Other,Chennai,India,Premium,anjali.reddy840@example.com,2023-02-13
C00841,Divya Patel,1981-05-25,Female,Ahmedabad,India,Premium,divya.patel841@example.com,2022-03-15
C00842,Divya Joseph,1968-08-04,Male,Kolkata,India,Standard,divya.joseph842@example.com,2021-08-02
C00843,Lakshmi Nair,1983-02-27,Other,Bangalore,India,Corporate,lakshmi.nair843@example.com,2024-01-02
C00844,Divya Menon,1970-02-10,Male,Chennai,India,Standard,divya.menon844@example.com,2024-10-06
C00845,Rahul Das,2003-05-15,Female,Kolkata,India,Corporate,rahul.das845@example.com,2026-01-12
C00846,Suresh Menon,1991-10-20,Male,Trivandrum,India,Corporate,suresh.menon846@example.com,2023-09-10
C00847,Nikhil Iyer,1983-07-16,Other,Hyderabad,India,Premium,nikhil.iyer847@example.com,2024-01-24
C00848,Sneha Singh,1958-06-23,Male,Bangalore,India,Standard,sneha.singh848@example.com,2025-03-01
C00849,Arun Singh,1963-01-06,Female,Mumbai,India,Corporate,arun.singh849@example.com,2022-12-27
C00850,Nikhil Patel,1993-08-11,Other,Kolkata,India,Corporate,nikhil.patel850@example.com,2021-08-24
C00851,Anjali Joseph,1966-09-16,Other,Ahmedabad,India,Corporate,anjali.joseph851@example.com,2021-07-07
C00852,Ravi Thomas,1962-07-10,Other,Hyderabad,India,Standard,ravi.thomas852@example.com,2022-09-28
C00853,Suresh Menon,1972-12-01,Female,Delhi,India,Premium,suresh.menon853@example.com,2023-03-08
C00854,Anjali Patel,1958-10-13,Male,Kochi,India,Premium,anjali.patel854@example.com,2026-08-20
C00855,Neha Das,1961-08-07,Female,Kolkata,India,Premium,neha.das855@example.com,2026-07-17
C00856,Arun Iyer,1984-12-27,Male,Hyderabad,India,Corporate,arun.iyer856@example.com,2019-12-10
C00857,Vivek Kumar,1966-07-08,Female,Pune,India,Standard,vivek.kumar857@example.com,2020-05-07
C00858,Anjali Verma,1985-12-10,Female,Pune,India,Standard,anjali.verma858@example.com,2022-05-24
C00859,Amit Singh,1981-05-05,Female,Chennai,India,Corporate,amit.singh859@example.com,2020-11-03
C00860,Divya Thomas,1988-11-12,Male,Hyderabad,India,Standard,divya.thomas860@example.com,2022-01-02
C00861,Anjali Patel,1965-02-10,Female,Trivandrum,India,Corporate,anjali.patel861@example.com,2021-07-12
C00862,Meera Das,2003-12-29,Male,Chennai,India,Standard,meera.das862@example.com,2023-01-15
C00863,Kiran Nair,1980-06-03,Female,Bangalore,India,Standard,kiran.nair863@example.com,2025-06-28
C00864,Divya Das,1997-08-22,Male,Kochi,India,Standard,divya.das864@example.com,2024-01-10
C00865,Sneha Kumar,1977-10-12,Female,Mumbai,India,Premium,sneha.kumar865@example.com,2021-12-03
C00866,Sneha Verma,1998-07-15,Male,Kochi,India,Standard,sneha.verma866@example.com,2022-12-07
C00867,Neha Iyer,1963-07-22,Male,Trivandrum,India,Standard,neha.iyer867@example.com,2020-07-18
C00868,Nikhil Patel,1994-10-16,Other,Pune,India,Standard,nikhil.patel868@example.com,2026-06-30
C00869,Amit Das,1987-11-12,Female,Chennai,India,Corporate,amit.das869@example.com,2026-04-05
C00870,Suresh Menon,1963-04-25,Female,Kolkata,India,Corporate,suresh.menon870@example.com,2024-04-19
C00871,Neha Reddy,1958-12-31,Male,Bangalore,India,Premium,neha.reddy871@example.com,2026-03-01
C00872,Sneha Singh,1973-05-25,Male,Hyderabad,India,Corporate,sneha.singh872@example.com,2024-05-29
C00873,Priya Menon,1976-08-14,Male,Chennai,India,Standard,priya.menon873@example.com,2021-10-07
C00874,Suresh Patel,1970-03-23,Male,Ahmedabad,India,Standard,suresh.patel874@example.com,2025-04-17
C00875,Arun Joseph,1991-10-30,Female,Delhi,India,Standard,arun.joseph875@example.com,2019-12-13
C00876,Priya Sharma,1975-05-16,Other,Delhi,India,Standard,priya.sharma876@example.com,2025-08-11
C00877,Arun Reddy,1996-02-05,Male,Bangalore,India,Premium,arun.reddy877@example.com,2020-08-15
C00878,Priya Reddy,1966-05-17,Other,Kolkata,India,Standard,priya.reddy878@example.com,2022-09-28
C00879,Arun Verma,1993-08-24,Female,Pune,India,Standard,arun.verma879@example.com,2022-08-14
C00880,Sneha Verma,1979-04-17,Other,Delhi,India,Corporate,sneha.verma880@example.com,2020-05-14
C00881,Sneha Kumar,1956-12-17,Female,Ahmedabad,India,Premium,sneha.kumar881@example.com,2024-07-17
C00882,Divya Das,1991-05-07,Male,Hyderabad,India,Corporate,divya.das882@example.com,2019-12-03
C00883,Anjali Das,1957-02-21,Female,Hyderabad,India,Premium,anjali.das883@example.com,2023-09-07
C00884,Arun Singh,1989-02-01,Male,Kolkata,India,Corporate,arun.singh884@example.com,2022-05-21
C00885,Lakshmi Reddy,1976-12-17,Other,Ahmedabad,India,Standard,lakshmi.reddy885@example.com,2023-12-16
C00886,Ravi Thomas,1958-09-19,Other,Pune,India,Premium,ravi.thomas886@example.com,2024-07-04
C00887,Suresh Thomas,1976-10-16,Female,Bangalore,India,Corporate,suresh.thomas887@example.com,2023-06-18
C00888,Vivek Menon,1999-10-02,Male,Trivandrum,India,Standard,vivek.menon888@example.com,2020-10-07
C00889,Anjali Nair,1962-03-10,Male,Chennai,India,Standard,anjali.nair889@example.com,2025-06-08
C00890,Arun Joseph,1958-07-23,Other,Pune,India,Corporate,arun.joseph890@example.com,2021-02-21
C00891,Meera Patel,1985-12-06,Other,Kochi,India,Corporate,meera.patel891@example.com,2022-07-12
C00892,Rahul Nair,1998-07-23,Female,Chennai,India,Corporate,rahul.nair892@example.com,2021-02-15
C00893,Arun Reddy,1972-08-15,Other,Kolkata,India,Standard,arun.reddy893@example.com,2021-12-21
C00894,Lakshmi Joseph,2002-01-31,Other,Hyderabad,India,Standard,lakshmi.joseph894@example.com,2020-09-14
C00895,Lakshmi Patel,1959-02-16,Male,Trivandrum,India,Standard,lakshmi.patel895@example.com,2024-03-19
C00896,Divya Kumar,1988-09-25,Male,Kolkata,India,Corporate,divya.kumar896@example.com,2022-04-25
C00897,Ravi Kumar,1968-06-26,Other,Ahmedabad,India,Standard,ravi.kumar897@example.com,2024-08-18
C00898,Suresh Singh,1964-07-30,Other,Ahmedabad,India,Corporate,suresh.singh898@example.com,2022-08-15
C00899,Amit Menon,1969-09-15,Other,Bangalore,India,Premium,amit.menon899@example.com,2024-08-12
C00900,Ravi Sharma,1965-12-27,Female,Kolkata,India,Premium,ravi.sharma900@example.com,2019-11-28
C00901,Kiran Reddy,1967-02-07,Other,Mumbai,India,Premium,kiran.reddy901@example.com,2022-01-05
C00902,Meera Kumar,1986-07-17,Female,Ahmedabad,India,Corporate,meera.kumar902@example.com,2020-07-08
C00903,Nikhil Verma,1965-02-22,Female,Hyderabad,India,Premium,nikhil.verma903@example.com,2022-08-07
C00904,Arun Verma,2004-04-08,Other,Kochi,India,Standard,arun.verma904@example.com,2023-06-12
C00905,Nikhil Patel,1985-10-29,Male,Kochi,India,Premium,nikhil.patel905@example.com,2023-04-08
C00906,Arun Verma,1959-11-12,Other,Hyderabad,India,Corporate,arun.verma906@example.com,2020-06-05
C00907,Nikhil Joseph,2002-05-07,Female,Bangalore,India,Premium,nikhil.joseph907@example.com,2025-07-30
C00908,Anjali Sharma,1983-04-26,Male,Hyderabad,India,Premium,anjali.sharma908@example.com,2022-07-09
C00909,Suresh Patel,1969-11-12,Other,Trivandrum,India,Standard,suresh.patel909@example.com,2020-03-28
C00910,Divya Menon,1990-03-22,Female,Mumbai,India,Corporate,divya.menon910@example.com,2021-03-23
C00911,Divya Joseph,1978-10-13,Male,Trivandrum,India,Corporate,divya.joseph911@example.com,2019-12-17
C00912,Suresh Joseph,2000-09-18,Female,Pune,India,Premium,suresh.joseph912@example.com,2025-10-03
C00913,Nikhil Iyer,1985-05-23,Other,Pune,India,Corporate,nikhil.iyer913@example.com,2025-04-14
C00914,Lakshmi Joseph,2000-11-16,Female,Kochi,India,Corporate,lakshmi.joseph914@example.com,2022-05-07
C00915,Arun Reddy,1992-04-24,Female,Kolkata,India,Corporate,arun.reddy915@example.com,2020-04-20
C00916,Divya Kumar,1970-06-27,Female,Bangalore,India,Corporate,divya.kumar916@example.com,2026-01-26
C00917,Meera Thomas,1966-12-25,Female,Trivandrum,India,Premium,meera.thomas917@example.com,2024-02-23
C00918,Anjali Sharma,1963-01-16,Other,Mumbai,India,Corporate,anjali.sharma918@example.com,2025-09-16
C00919,Arun Thomas,1998-02-06,Female,Pune,India,Corporate,arun.thomas919@example.com,2023-09-10
C00920,Amit Verma,1962-08-03,Other,Bangalore,India,Standard,amit.verma920@example.com,2025-02-14
C00921,Sneha Iyer,1958-09-13,Male,Ahmedabad,India,Standard,sneha.iyer921@example.com,2024-06-08
C00922,Rahul Patel,1997-09-11,Male,Pune,India,Corporate,rahul.patel922@example.com,2023-01-04
C00923,Amit Iyer,1988-08-23,Female,Mumbai,India,Premium,amit.iyer923@example.com,2022-09-24
C00924,Meera Singh,1990-07-19,Female,Kochi,India,Corporate,meera.singh924@example.com,2023-03-21
C00925,Lakshmi Das,1966-03-20,Male,Ahmedabad,India,Standard,lakshmi.das925@example.com,2024-12-31
C00926,Priya Singh,1998-01-13,Male,Mumbai,India,Corporate,priya.singh926@example.com,2024-11-20
C00927,Arun Kumar,1979-12-04,Male,Ahmedabad,India,Premium,arun.kumar927@example.com,2024-12-24
C00928,Divya Menon,1963-06-18,Male,Hyderabad,India,Premium,divya.menon928@example.com,2021-08-03
C00929,Priya Verma,1987-06-13,Other,Kolkata,India,Corporate,priya.verma929@example.com,2024-04-05
C00930,Suresh Patel,1993-01-19,Other,Kolkata,India,Corporate,suresh.patel930@example.com,2021-03-21
C00931,Ravi Nair,1958-06-21,Male,Pune,India,Premium,ravi.nair931@example.com,2020-02-06
C00932,Anjali Nair,1981-05-24,Male,Hyderabad,India,Premium,anjali.nair932@example.com,2024-05-20
C00933,Ravi Nair,1981-05-23,Other,Trivandrum,India,Corporate,ravi.nair933@example.com,2022-04-12
C00934,Vivek Menon,1971-01-21,Male,Kochi,India,Premium,vivek.menon934@example.com,2023-05-10
C00935,Kiran Verma,1962-04-02,Other,Trivandrum,India,Corporate,kiran.verma935@example.com,2023-02-05
C00936,Rahul Sharma,1964-08-23,Other,Chennai,India,Corporate,rahul.sharma936@example.com,2021-01-08
C00937,Arun Nair,1978-05-18,Female,Chennai,India,Premium,arun.nair937@example.com,2020-09-12
C00938,Amit Verma,1974-08-15,Other,Bangalore,India,Premium,amit.verma938@example.com,2026-06-06
C00939,Vivek Singh,1960-10-05,Female,Hyderabad,India,Standard,vivek.singh939@example.com,2023-12-27
C00940,Ravi Patel,1980-08-05,Male,Pune,India,Standard,ravi.patel940@example.com,2026-04-22
C00941,Vivek Iyer,1971-06-11,Other,Bangalore,India,Corporate,vivek.iyer941@example.com,2025-08-26
C00942,Meera Singh,1984-03-02,Other,Chennai,India,Standard,meera.singh942@example.com,2021-12-15
C00943,Amit Patel,1965-06-08,Other,Ahmedabad,India,Standard,amit.patel943@example.com,2022-12-11
C00944,Priya Singh,1957-03-01,Other,Bangalore,India,Standard,priya.singh944@example.com,2020-02-14
C00945,Lakshmi Sharma,1993-08-07,Female,Hyderabad,India,Standard,lakshmi.sharma945@example.com,2020-10-05
C00946,Ravi Joseph,1999-08-25,Other,Bangalore,India,Corporate,ravi.joseph946@example.com,2023-01-28
C00947,Divya Menon,1992-09-04,Other,Bangalore,India,Standard,divya.menon947@example.com,2023-01-28
C00948,Suresh Reddy,1978-07-08,Female,Pune,India,Corporate,suresh.reddy948@example.com,2022-01-09
C00949,Nikhil Singh,1988-11-14,Male,Hyderabad,India,Standard,nikhil.singh949@example.com,2024-12-06
C00950,Anjali Nair,1985-01-06,Other,Ahmedabad,India,Standard,anjali.nair950@example.com,2023-08-23
C00951,Priya Singh,1998-08-08,Other,Kochi,India,Premium,priya.singh951@example.com,2022-08-10
C00952,Anjali Thomas,1972-03-08,Male,Ahmedabad,India,Premium,anjali.thomas952@example.com,2021-05-18
C00953,Sneha Das,1988-05-24,Male,Bangalore,India,Standard,sneha.das953@example.com,2024-10-19
C00954,Amit Nair,1985-10-07,Other,Hyderabad,India,Corporate,amit.nair954@example.com,2022-01-02
C00955,Priya Kumar,1966-04-28,Other,Trivandrum,India,Premium,priya.kumar955@example.com,2024-08-25
C00956,Divya Reddy,1967-05-17,Female,Delhi,India,Standard,divya.reddy956@example.com,2023-11-14
C00957,Meera Verma,1970-05-16,Other,Pune,India,Corporate,meera.verma957@example.com,2023-02-16
C00958,Meera Joseph,2002-04-12,Other,Kolkata,India,Standard,meera.joseph958@example.com,2020-09-29
C00959,Sneha Das,1959-03-14,Other,Kochi,India,Premium,sneha.das959@example.com,2023-11-18
C00960,Divya Nair,1959-06-06,Other,Kolkata,India,Standard,divya.nair960@example.com,2022-04-17
C00961,Priya Patel,1978-05-30,Female,Delhi,India,Premium,priya.patel961@example.com,2022-03-04
C00962,Anjali Iyer,1959-05-09,Male,Hyderabad,India,Premium,anjali.iyer962@example.com,2026-01-09
C00963,Lakshmi Singh,1960-10-25,Male,Delhi,India,Standard,lakshmi.singh963@example.com,2025-08-15
C00964,Suresh Joseph,1970-06-20,Female,Kolkata,India,Premium,suresh.joseph964@example.com,2025-02-12
C00965,Sneha Nair,1987-08-14,Female,Bangalore,India,Standard,sneha.nair965@example.com,2021-07-19
C00966,Neha Reddy,1997-07-20,Male,Bangalore,India,Corporate,neha.reddy966@example.com,2025-04-01
C00967,Sneha Singh,1958-09-27,Other,Mumbai,India,Premium,sneha.singh967@example.com,2025-09-05
C00968,Divya Thomas,1971-10-05,Other,Ahmedabad,India,Premium,divya.thomas968@example.com,2024-11-04
C00969,Arun Sharma,1992-04-07,Male,Mumbai,India,Standard,arun.sharma969@example.com,2020-04-17
C00970,Anjali Verma,1978-02-04,Female,Kochi,India,Corporate,anjali.verma970@example.com,2021-12-06
C00971,Suresh Das,1995-03-09,Male,Hyderabad,India,Standard,suresh.das971@example.com,2024-08-10
C00972,Arun Joseph,1964-08-02,Female,Hyderabad,India,Premium,arun.joseph972@example.com,2026-07-01
C00973,Kiran Nair,1984-05-23,Male,Ahmedabad,India,Corporate,kiran.nair973@example.com,2021-02-06
C00974,Ravi Das,1966-02-02,Male,Delhi,India,Corporate,ravi.das974@example.com,2022-01-14
C00975,Meera Nair,1980-10-12,Other,Chennai,India,Corporate,meera.nair975@example.com,2020-07-01
C00976,Kiran Kumar,1992-06-06,Male,Kochi,India,Corporate,kiran.kumar976@example.com,2024-07-24
C00977,Vivek Nair,1978-12-16,Female,Bangalore,India,Standard,vivek.nair977@example.com,2026-04-10
C00978,Arun Menon,1991-04-05,Other,Pune,India,Premium,arun.menon978@example.com,2024-08-20
C00979,Meera Singh,1989-10-25,Female,Ahmedabad,India,Corporate,meera.singh979@example.com,2020-03-20
C00980,Meera Reddy,1978-11-18,Female,Kochi,India,Premium,meera.reddy980@example.com,2025-08-04
C00981,Nikhil Iyer,1999-11-28,Female,Trivandrum,India,Premium,nikhil.iyer981@example.com,2021-11-04
C00982,Anjali Menon,1958-06-13,Female,Hyderabad,India,Corporate,anjali.menon982@example.com,2022-12-11
C00983,Priya Verma,1995-12-05,Other,Chennai,India,Corporate,priya.verma983@example.com,2025-12-25
C00984,Ravi Thomas,1979-12-20,Female,Trivandrum,India,Corporate,ravi.thomas984@example.com,2021-03-18
C00985,Lakshmi Reddy,1973-12-26,Male,Hyderabad,India,Corporate,lakshmi.reddy985@example.com,2020-09-28
C00986,Meera Das,1961-07-19,Male,Kolkata,India,Corporate,meera.das986@example.com,2021-01-20
C00987,Priya Verma,2005-08-04,Male,Hyderabad,India,Standard,priya.verma987@example.com,2024-06-19
C00988,Sneha Singh,1968-07-14,Female,Trivandrum,India,Standard,sneha.singh988@example.com,2024-04-23
C00989,Vivek Reddy,2004-09-19,Other,Kolkata,India,Standard,vivek.reddy989@example.com,2024-04-03
C00990,Divya Patel,1978-02-13,Female,Hyderabad,India,Corporate,divya.patel990@example.com,2025-11-16
C00991,Kiran Reddy,1975-10-31,Female,Kochi,India,Premium,kiran.reddy991@example.com,2025-05-11
C00992,Divya Joseph,1989-12-22,Male,Ahmedabad,India,Premium,divya.joseph992@example.com,2026-04-23
C00993,Lakshmi Reddy,2002-07-17,Other,Delhi,India,Standard,lakshmi.reddy993@example.com,2021-04-25
C00994,Sneha Sharma,1975-09-02,Female,Delhi,India,Premium,sneha.sharma994@example.com,2020-08-12
C00995,Nikhil Verma,1978-11-17,Other,Kochi,India,Corporate,nikhil.verma995@example.com,2020-10-16
C00996,Ravi Reddy,2004-01-20,Male,Kolkata,India,Corporate,ravi.reddy996@example.com,2020-08-17
C00997,Ravi Reddy,1992-05-03,Female,Mumbai,India,Standard,ravi.reddy997@example.com,2025-11-22
C00998,Vivek Iyer,1970-10-13,Male,Kolkata,India,Corporate,vivek.iyer998@example.com,2024-10-10
C00999,Rahul Patel,1981-05-17,Female,Mumbai,India,Standard,rahul.patel999@example.com,2026-04-13
C01000,Sneha Kumar,1978-08-01,Male,Mumbai,India,Corporate,sneha.kumar1000@example.com,2021-07-26
